<?xml version="1.0" encoding="UTF-8"?>
<!DOCTYPE suite SYSTEM "http://testng.org/testng-1.0.dtd">
<suite name="Suite">
<listeners>
<listener class-name="MAINEtest.Listeners"/>
</listeners>

 <!--   <test name="Validating title in the Page">
    <classes>
      <class name="MAINEtest.test_LandingPage"/>
          </classes>
      </test>
      
    <test name="Prescreening navigation">
         <classes>
      <class name="MAINEtest.test_LoginScreen"/>
       </classes>
      </test>-->
      
      <test name="Flow till Program Selection Screen">
      <classes>
      <class name="MAINEtest.test_LoginScreen"/>
      <class name="MAINEtest.test_Dashboard"/>
      <class name="MAINEtest.test_GetBenefitScreen"/>
      <class name="MAINEtest.test_PrimaryAppDetailScreen"/>
      <class name="MAINEtest.test_ProgSelectionScreen"/>
      <class name="MAINEtest.test_AddingHHMembers"/>
      <class name="MAINEtest.test_ContactScreen"/>
      <class name="MAINEtest.test_AuthRepScreen"/>
      <class name="MAINEtest.test_RelationshipandTaxfillingScreens"/>
      <class name="MAINEtest.test_HHInfo_HealthScreen"/>
      <class name="MAINEtest.test_HHInfo_HHCircumScreen"/>
      <class name="MAINEtest.test_HHInfo_AssetScreen"/>
      <class name="MAINEtest.test_HHInfo_OAssetScreen"/>
      <class name="MAINEtest.test_HHInfo_IncomeandSubScreen"/>
      <class name="MAINEtest.test_HHInfo_ExpenseScreen"/>
      <class name="MAINEtest.test_MemDetailsScreen"/>
      <class name="MAINEtest.test_HealthCoverScreen"/>
      <class name="MAINEtest.test_SignSubmitScreen"/>
      </classes>
      </test>
      
      <!-- <test name="Flow till Program Selection">
      <classes>
      <class name="MAINEtest.test_Dashboard"/>
          </classes>
      </test> -->

</suite>
