timeStamp,elapsed,label,responseCode,responseMessage,threadName,dataType,success,failureMessage,bytes,sentBytes,grpThreads,allThreads,URL,Latency,IdleTime,Connect
1680151582458,457,Get Groups By project Id,200,OK,Group Management API 1-1,text,true,,2093,204,1,1,https://h-stage-apigateway.byjus.onl/wfms-configuration-management/wfms/groupManagement/v1/groups?projectId=111,456,0,218
1680151582916,229,"Get Groups By project Id, groupName & date",200,OK,Group Management API 1-1,text,true,,759,247,1,1,https://h-stage-apigateway.byjus.onl/wfms-configuration-management/wfms/groupManagement/v1/groups?projectId=111&groupName=newgroup111first&date=2023-03-30,229,0,0
1680151583146,211,Get Groups By project Id & agent Name,200,OK,Group Management API 1-1,text,true,,758,220,1,1,https://h-stage-apigateway.byjus.onl/wfms-configuration-management/wfms/groupManagement/v1/groups?projectId=111&agentName=Parth,210,0,0
1680151583358,230,"Get Groups By project Id, sortBy & sortType",200,OK,Group Management API 1-1,text,true,,2093,234,2,2,https://h-stage-apigateway.byjus.onl/wfms-configuration-management/wfms/groupManagement/v1/groups?projectId=111&sortBy=groupName&sortType=asc,230,0,0
1680151583459,315,Get Groups By project Id,200,OK,Group Management API 1-2,text,true,,2093,204,2,2,https://h-stage-apigateway.byjus.onl/wfms-configuration-management/wfms/groupManagement/v1/groups?projectId=111,315,0,93
1680151583589,232,"Get Groups By project Id, pageNumber & pageSize",200,OK,Group Management API 1-1,text,true,,1100,228,2,2,https://h-stage-apigateway.byjus.onl/wfms-configuration-management/wfms/groupManagement/v1/groups?projectId=111&pageSize=2&pageNumber=0,232,0,0
1680151583775,242,"Get Groups By project Id, groupName & date",200,OK,Group Management API 1-2,text,true,,759,247,1,1,https://h-stage-apigateway.byjus.onl/wfms-configuration-management/wfms/groupManagement/v1/groups?projectId=111&groupName=newgroup111first&date=2023-03-30,241,0,0
1680151584018,242,Get Groups By project Id & agent Name,200,OK,Group Management API 1-2,text,true,,758,220,1,1,https://h-stage-apigateway.byjus.onl/wfms-configuration-management/wfms/groupManagement/v1/groups?projectId=111&agentName=Parth,242,0,0
1680151584261,236,"Get Groups By project Id, sortBy & sortType",200,OK,Group Management API 1-2,text,true,,2093,234,2,2,https://h-stage-apigateway.byjus.onl/wfms-configuration-management/wfms/groupManagement/v1/groups?projectId=111&sortBy=groupName&sortType=asc,236,0,0
1680151584498,204,"Get Groups By project Id, pageNumber & pageSize",200,OK,Group Management API 1-2,text,true,,1100,228,2,2,https://h-stage-apigateway.byjus.onl/wfms-configuration-management/wfms/groupManagement/v1/groups?projectId=111&pageSize=2&pageNumber=0,203,0,0
1680151584461,353,Get Groups By project Id,200,OK,Group Management API 1-3,text,true,,2093,204,1,1,https://h-stage-apigateway.byjus.onl/wfms-configuration-management/wfms/groupManagement/v1/groups?projectId=111,353,0,106
1680151584815,206,"Get Groups By project Id, groupName & date",200,OK,Group Management API 1-3,text,true,,758,247,1,1,https://h-stage-apigateway.byjus.onl/wfms-configuration-management/wfms/groupManagement/v1/groups?projectId=111&groupName=newgroup111first&date=2023-03-30,206,0,0
1680151585022,297,Get Groups By project Id & agent Name,200,OK,Group Management API 1-3,text,true,,759,220,1,1,https://h-stage-apigateway.byjus.onl/wfms-configuration-management/wfms/groupManagement/v1/groups?projectId=111&agentName=Parth,297,0,0
1680151585320,223,"Get Groups By project Id, sortBy & sortType",200,OK,Group Management API 1-3,text,true,,2093,234,2,2,https://h-stage-apigateway.byjus.onl/wfms-configuration-management/wfms/groupManagement/v1/groups?projectId=111&sortBy=groupName&sortType=asc,222,0,0
1680151585543,242,"Get Groups By project Id, pageNumber & pageSize",200,OK,Group Management API 1-3,text,true,,1100,228,2,2,https://h-stage-apigateway.byjus.onl/wfms-configuration-management/wfms/groupManagement/v1/groups?projectId=111&pageSize=2&pageNumber=0,242,0,0
1680151585462,375,Get Groups By project Id,200,OK,Group Management API 1-4,text,true,,2093,204,1,1,https://h-stage-apigateway.byjus.onl/wfms-configuration-management/wfms/groupManagement/v1/groups?projectId=111,375,0,138
1680151585838,213,"Get Groups By project Id, groupName & date",200,OK,Group Management API 1-4,text,true,,758,247,1,1,https://h-stage-apigateway.byjus.onl/wfms-configuration-management/wfms/groupManagement/v1/groups?projectId=111&groupName=newgroup111first&date=2023-03-30,213,0,0
1680151586051,288,Get Groups By project Id & agent Name,200,OK,Group Management API 1-4,text,true,,758,220,1,1,https://h-stage-apigateway.byjus.onl/wfms-configuration-management/wfms/groupManagement/v1/groups?projectId=111&agentName=Parth,287,0,0
1680151586339,240,"Get Groups By project Id, sortBy & sortType",200,OK,Group Management API 1-4,text,true,,2093,234,2,2,https://h-stage-apigateway.byjus.onl/wfms-configuration-management/wfms/groupManagement/v1/groups?projectId=111&sortBy=groupName&sortType=asc,240,0,0
1680151586580,216,"Get Groups By project Id, pageNumber & pageSize",200,OK,Group Management API 1-4,text,true,,1100,228,2,2,https://h-stage-apigateway.byjus.onl/wfms-configuration-management/wfms/groupManagement/v1/groups?projectId=111&pageSize=2&pageNumber=0,216,0,0
1680151587461,340,Get Groups By project Id,200,OK,Group Management API 1-6,text,true,,2093,204,2,2,https://h-stage-apigateway.byjus.onl/wfms-configuration-management/wfms/groupManagement/v1/groups?projectId=111,339,0,120
1680151586461,1368,Get Groups By project Id,200,OK,Group Management API 1-5,text,true,,2093,204,2,2,https://h-stage-apigateway.byjus.onl/wfms-configuration-management/wfms/groupManagement/v1/groups?projectId=111,1368,0,1118
1680151587802,213,"Get Groups By project Id, groupName & date",200,OK,Group Management API 1-6,text,true,,758,247,2,2,https://h-stage-apigateway.byjus.onl/wfms-configuration-management/wfms/groupManagement/v1/groups?projectId=111&groupName=newgroup111first&date=2023-03-30,213,0,0
1680151587830,241,"Get Groups By project Id, groupName & date",200,OK,Group Management API 1-5,text,true,,759,247,2,2,https://h-stage-apigateway.byjus.onl/wfms-configuration-management/wfms/groupManagement/v1/groups?projectId=111&groupName=newgroup111first&date=2023-03-30,241,0,0
1680151588016,223,Get Groups By project Id & agent Name,200,OK,Group Management API 1-6,text,true,,758,220,2,2,https://h-stage-apigateway.byjus.onl/wfms-configuration-management/wfms/groupManagement/v1/groups?projectId=111&agentName=Parth,223,0,0
1680151588071,217,Get Groups By project Id & agent Name,200,OK,Group Management API 1-5,text,true,,758,220,2,2,https://h-stage-apigateway.byjus.onl/wfms-configuration-management/wfms/groupManagement/v1/groups?projectId=111&agentName=Parth,217,0,0
1680151588240,207,"Get Groups By project Id, sortBy & sortType",200,OK,Group Management API 1-6,text,true,,2093,234,2,2,https://h-stage-apigateway.byjus.onl/wfms-configuration-management/wfms/groupManagement/v1/groups?projectId=111&sortBy=groupName&sortType=asc,207,0,0
1680151588289,255,"Get Groups By project Id, sortBy & sortType",200,OK,Group Management API 1-5,text,true,,2093,234,3,3,https://h-stage-apigateway.byjus.onl/wfms-configuration-management/wfms/groupManagement/v1/groups?projectId=111&sortBy=groupName&sortType=asc,255,0,0
1680151588448,290,"Get Groups By project Id, pageNumber & pageSize",200,OK,Group Management API 1-6,text,true,,1100,228,3,3,https://h-stage-apigateway.byjus.onl/wfms-configuration-management/wfms/groupManagement/v1/groups?projectId=111&pageSize=2&pageNumber=0,289,0,0
1680151588544,235,"Get Groups By project Id, pageNumber & pageSize",200,OK,Group Management API 1-5,text,true,,1100,228,2,2,https://h-stage-apigateway.byjus.onl/wfms-configuration-management/wfms/groupManagement/v1/groups?projectId=111&pageSize=2&pageNumber=0,234,0,0
1680151588462,628,Get Groups By project Id,200,OK,Group Management API 1-7,text,true,,2093,204,1,1,https://h-stage-apigateway.byjus.onl/wfms-configuration-management/wfms/groupManagement/v1/groups?projectId=111,627,0,114
1680151589091,187,"Get Groups By project Id, groupName & date",200,OK,Group Management API 1-7,text,true,,759,247,1,1,https://h-stage-apigateway.byjus.onl/wfms-configuration-management/wfms/groupManagement/v1/groups?projectId=111&groupName=newgroup111first&date=2023-03-30,187,0,0
1680151589279,340,Get Groups By project Id & agent Name,200,OK,Group Management API 1-7,text,true,,758,220,2,2,https://h-stage-apigateway.byjus.onl/wfms-configuration-management/wfms/groupManagement/v1/groups?projectId=111&agentName=Parth,340,0,0
1680151589628,210,"Get Groups By project Id, sortBy & sortType",200,OK,Group Management API 1-7,text,true,,2093,234,2,2,https://h-stage-apigateway.byjus.onl/wfms-configuration-management/wfms/groupManagement/v1/groups?projectId=111&sortBy=groupName&sortType=asc,210,0,0
1680151589462,440,Get Groups By project Id,200,OK,Group Management API 1-8,text,true,,2093,204,2,2,https://h-stage-apigateway.byjus.onl/wfms-configuration-management/wfms/groupManagement/v1/groups?projectId=111,440,0,214
1680151589839,260,"Get Groups By project Id, pageNumber & pageSize",200,OK,Group Management API 1-7,text,true,,1100,228,2,2,https://h-stage-apigateway.byjus.onl/wfms-configuration-management/wfms/groupManagement/v1/groups?projectId=111&pageSize=2&pageNumber=0,260,0,0
1680151589903,203,"Get Groups By project Id, groupName & date",200,OK,Group Management API 1-8,text,true,,758,247,1,1,https://h-stage-apigateway.byjus.onl/wfms-configuration-management/wfms/groupManagement/v1/groups?projectId=111&groupName=newgroup111first&date=2023-03-30,203,0,0
1680151590107,191,Get Groups By project Id & agent Name,200,OK,Group Management API 1-8,text,true,,758,220,1,1,https://h-stage-apigateway.byjus.onl/wfms-configuration-management/wfms/groupManagement/v1/groups?projectId=111&agentName=Parth,191,0,0
1680151590298,243,"Get Groups By project Id, sortBy & sortType",200,OK,Group Management API 1-8,text,true,,2093,234,2,2,https://h-stage-apigateway.byjus.onl/wfms-configuration-management/wfms/groupManagement/v1/groups?projectId=111&sortBy=groupName&sortType=asc,243,0,0
1680151590542,202,"Get Groups By project Id, pageNumber & pageSize",200,OK,Group Management API 1-8,text,true,,1099,228,2,2,https://h-stage-apigateway.byjus.onl/wfms-configuration-management/wfms/groupManagement/v1/groups?projectId=111&pageSize=2&pageNumber=0,202,0,0
1680151590460,301,Get Groups By project Id,200,OK,Group Management API 1-9,text,true,,2093,204,1,1,https://h-stage-apigateway.byjus.onl/wfms-configuration-management/wfms/groupManagement/v1/groups?projectId=111,301,0,96
1680151590763,227,"Get Groups By project Id, groupName & date",200,OK,Group Management API 1-9,text,true,,758,247,1,1,https://h-stage-apigateway.byjus.onl/wfms-configuration-management/wfms/groupManagement/v1/groups?projectId=111&groupName=newgroup111first&date=2023-03-30,226,0,0
1680151590990,228,Get Groups By project Id & agent Name,200,OK,Group Management API 1-9,text,true,,758,220,1,1,https://h-stage-apigateway.byjus.onl/wfms-configuration-management/wfms/groupManagement/v1/groups?projectId=111&agentName=Parth,228,0,0
1680151591219,216,"Get Groups By project Id, sortBy & sortType",200,OK,Group Management API 1-9,text,true,,2093,234,1,1,https://h-stage-apigateway.byjus.onl/wfms-configuration-management/wfms/groupManagement/v1/groups?projectId=111&sortBy=groupName&sortType=asc,215,0,0
1680151591435,338,"Get Groups By project Id, pageNumber & pageSize",200,OK,Group Management API 1-9,text,true,,1100,228,2,2,https://h-stage-apigateway.byjus.onl/wfms-configuration-management/wfms/groupManagement/v1/groups?projectId=111&pageSize=2&pageNumber=0,338,0,0
1680151591464,340,Get Groups By project Id,200,OK,Group Management API 1-10,text,true,,2093,204,1,1,https://h-stage-apigateway.byjus.onl/wfms-configuration-management/wfms/groupManagement/v1/groups?projectId=111,340,0,105
1680151591804,320,"Get Groups By project Id, groupName & date",200,OK,Group Management API 1-10,text,true,,758,247,1,1,https://h-stage-apigateway.byjus.onl/wfms-configuration-management/wfms/groupManagement/v1/groups?projectId=111&groupName=newgroup111first&date=2023-03-30,320,0,0
1680151592125,225,Get Groups By project Id & agent Name,200,OK,Group Management API 1-10,text,true,,758,220,1,1,https://h-stage-apigateway.byjus.onl/wfms-configuration-management/wfms/groupManagement/v1/groups?projectId=111&agentName=Parth,225,0,0
1680151592351,228,"Get Groups By project Id, sortBy & sortType",200,OK,Group Management API 1-10,text,true,,2093,234,1,1,https://h-stage-apigateway.byjus.onl/wfms-configuration-management/wfms/groupManagement/v1/groups?projectId=111&sortBy=groupName&sortType=asc,228,0,0
1680151592580,234,"Get Groups By project Id, pageNumber & pageSize",200,OK,Group Management API 1-10,text,true,,1100,228,1,1,https://h-stage-apigateway.byjus.onl/wfms-configuration-management/wfms/groupManagement/v1/groups?projectId=111&pageSize=2&pageNumber=0,234,0,0
