timeStamp,elapsed,label,responseCode,responseMessage,threadName,dataType,success,failureMessage,bytes,sentBytes,grpThreads,allThreads,URL,Latency,IdleTime,Connect
1683801996989,1415,Get MailBox By Project Id,200,OK,MailBox API 1-3,text,true,,1265,186,4,4,https://h-stage-apigateway.byjus.onl/wfms-configuration-management/api/v1/mailbox?projectId=2,1414,0,1306
1683801995982,2437,Get MailBox By Project Id,200,OK,MailBox API 1-2,text,true,,1265,186,4,4,https://h-stage-apigateway.byjus.onl/wfms-configuration-management/api/v1/mailbox?projectId=2,2437,0,2314
1683801994990,3472,Get MailBox By Project Id,200,OK,MailBox API 1-1,text,true,,1265,186,4,4,https://h-stage-apigateway.byjus.onl/wfms-configuration-management/api/v1/mailbox?projectId=2,3472,0,3282
1683801997985,500,Get MailBox By Project Id,200,OK,MailBox API 1-4,text,true,,1265,186,4,4,https://h-stage-apigateway.byjus.onl/wfms-configuration-management/api/v1/mailbox?projectId=2,500,0,287
1683801998419,105,Get MailBox,200,OK,MailBox API 1-3,text,true,,2403,174,4,4,https://h-stage-apigateway.byjus.onl/wfms-configuration-management/api/v1/mailbox,105,0,0
1683801998421,107,Get MailBox,200,OK,MailBox API 1-2,text,true,,2403,174,4,4,https://h-stage-apigateway.byjus.onl/wfms-configuration-management/api/v1/mailbox,107,0,0
1683801998525,106,Get MailBox By Email,200,OK,MailBox API 1-3,text,true,,898,203,4,4,https://h-stage-apigateway.byjus.onl/wfms-configuration-management/api/v1/mailbox?email=support-wfms@byjus.com,106,0,0
1683801998529,110,Get MailBox By Email,200,OK,MailBox API 1-2,text,true,,898,203,4,4,https://h-stage-apigateway.byjus.onl/wfms-configuration-management/api/v1/mailbox?email=support-wfms@byjus.com,110,0,0
1683801998462,192,Get MailBox,200,OK,MailBox API 1-1,text,true,,2403,174,4,4,https://h-stage-apigateway.byjus.onl/wfms-configuration-management/api/v1/mailbox,192,0,0
1683801998486,204,Get MailBox,200,OK,MailBox API 1-4,text,true,,2403,174,4,4,https://h-stage-apigateway.byjus.onl/wfms-configuration-management/api/v1/mailbox,204,0,0
1683801998632,119,Get MailBox By ID,200,OK,MailBox API 1-3,text,true,,898,182,4,4,https://h-stage-apigateway.byjus.onl/wfms-configuration-management/api/v1/mailbox?id=1602,118,0,0
1683801998640,116,Get MailBox By ID,200,OK,MailBox API 1-2,text,true,,898,182,4,4,https://h-stage-apigateway.byjus.onl/wfms-configuration-management/api/v1/mailbox?id=1602,116,0,0
1683801998655,194,Get MailBox By Email,200,OK,MailBox API 1-1,text,true,,898,203,4,4,https://h-stage-apigateway.byjus.onl/wfms-configuration-management/api/v1/mailbox?email=support-wfms@byjus.com,193,0,0
1683801998751,116,Get MailBox By Offset & Limit,200,OK,MailBox API 1-3,text,true,,1228,191,4,4,https://h-stage-apigateway.byjus.onl/wfms-configuration-management/api/v1/mailbox?offset=0&limit=3,116,0,0
1683801998756,121,Get MailBox By Offset & Limit,200,OK,MailBox API 1-2,text,true,,1228,191,3,3,https://h-stage-apigateway.byjus.onl/wfms-configuration-management/api/v1/mailbox?offset=0&limit=3,121,0,0
1683801998691,205,Get MailBox By Email,200,OK,MailBox API 1-4,text,true,,898,203,2,2,https://h-stage-apigateway.byjus.onl/wfms-configuration-management/api/v1/mailbox?email=support-wfms@byjus.com,205,0,0
1683801998850,187,Get MailBox By ID,200,OK,MailBox API 1-1,text,true,,898,182,3,3,https://h-stage-apigateway.byjus.onl/wfms-configuration-management/api/v1/mailbox?id=1602,186,0,0
1683801998896,207,Get MailBox By ID,200,OK,MailBox API 1-4,text,true,,898,182,3,3,https://h-stage-apigateway.byjus.onl/wfms-configuration-management/api/v1/mailbox?id=1602,205,0,0
1683801999037,203,Get MailBox By Offset & Limit,200,OK,MailBox API 1-1,text,true,,1228,191,3,3,https://h-stage-apigateway.byjus.onl/wfms-configuration-management/api/v1/mailbox?offset=0&limit=3,203,0,0
1683801998985,280,Get MailBox By Project Id,200,OK,MailBox API 1-5,text,true,,1265,186,2,2,https://h-stage-apigateway.byjus.onl/wfms-configuration-management/api/v1/mailbox?projectId=2,280,0,161
1683801999103,200,Get MailBox By Offset & Limit,200,OK,MailBox API 1-4,text,true,,1228,191,2,2,https://h-stage-apigateway.byjus.onl/wfms-configuration-management/api/v1/mailbox?offset=0&limit=3,200,0,0
1683801999266,134,Get MailBox,200,OK,MailBox API 1-5,text,true,,2404,174,1,1,https://h-stage-apigateway.byjus.onl/wfms-configuration-management/api/v1/mailbox,134,0,0
1683801999401,182,Get MailBox By Email,200,OK,MailBox API 1-5,text,true,,898,203,1,1,https://h-stage-apigateway.byjus.onl/wfms-configuration-management/api/v1/mailbox?email=support-wfms@byjus.com,182,0,0
1683801999585,96,Get MailBox By ID,200,OK,MailBox API 1-5,text,true,,898,182,1,1,https://h-stage-apigateway.byjus.onl/wfms-configuration-management/api/v1/mailbox?id=1602,96,0,0
1683801999682,114,Get MailBox By Offset & Limit,200,OK,MailBox API 1-5,text,true,,1229,191,1,1,https://h-stage-apigateway.byjus.onl/wfms-configuration-management/api/v1/mailbox?offset=0&limit=3,113,0,0
1683801999989,266,Get MailBox By Project Id,200,OK,MailBox API 1-6,text,true,,1265,186,1,1,https://h-stage-apigateway.byjus.onl/wfms-configuration-management/api/v1/mailbox?projectId=2,266,0,162
1683802000256,115,Get MailBox,200,OK,MailBox API 1-6,text,true,,2403,174,1,1,https://h-stage-apigateway.byjus.onl/wfms-configuration-management/api/v1/mailbox,114,0,0
1683802000371,106,Get MailBox By Email,200,OK,MailBox API 1-6,text,true,,898,203,1,1,https://h-stage-apigateway.byjus.onl/wfms-configuration-management/api/v1/mailbox?email=support-wfms@byjus.com,105,0,0
1683802000478,106,Get MailBox By ID,200,OK,MailBox API 1-6,text,true,,898,182,1,1,https://h-stage-apigateway.byjus.onl/wfms-configuration-management/api/v1/mailbox?id=1602,106,0,0
1683802000585,187,Get MailBox By Offset & Limit,200,OK,MailBox API 1-6,text,true,,1228,191,1,1,https://h-stage-apigateway.byjus.onl/wfms-configuration-management/api/v1/mailbox?offset=0&limit=3,186,0,0
1683802000986,294,Get MailBox By Project Id,200,OK,MailBox API 1-7,text,true,,1265,186,1,1,https://h-stage-apigateway.byjus.onl/wfms-configuration-management/api/v1/mailbox?projectId=2,294,0,89
1683802001282,194,Get MailBox,200,OK,MailBox API 1-7,text,true,,2403,174,1,1,https://h-stage-apigateway.byjus.onl/wfms-configuration-management/api/v1/mailbox,193,0,0
1683802001477,199,Get MailBox By Email,200,OK,MailBox API 1-7,text,true,,899,203,1,1,https://h-stage-apigateway.byjus.onl/wfms-configuration-management/api/v1/mailbox?email=support-wfms@byjus.com,199,0,0
1683802001679,195,Get MailBox By ID,200,OK,MailBox API 1-7,text,true,,898,182,1,1,https://h-stage-apigateway.byjus.onl/wfms-configuration-management/api/v1/mailbox?id=1602,194,0,0
1683802001875,238,Get MailBox By Offset & Limit,200,OK,MailBox API 1-7,text,true,,1229,191,2,2,https://h-stage-apigateway.byjus.onl/wfms-configuration-management/api/v1/mailbox?offset=0&limit=3,238,0,0
1683802001986,491,Get MailBox By Project Id,200,OK,MailBox API 1-8,text,true,,1265,186,1,1,https://h-stage-apigateway.byjus.onl/wfms-configuration-management/api/v1/mailbox?projectId=2,491,0,129
1683802002478,198,Get MailBox,200,OK,MailBox API 1-8,text,true,,2403,174,1,1,https://h-stage-apigateway.byjus.onl/wfms-configuration-management/api/v1/mailbox,197,0,0
1683802002677,303,Get MailBox By Email,200,OK,MailBox API 1-8,text,true,,899,203,1,1,https://h-stage-apigateway.byjus.onl/wfms-configuration-management/api/v1/mailbox?email=support-wfms@byjus.com,303,0,0
1683802002982,276,Get MailBox By ID,200,OK,MailBox API 1-8,text,true,,898,182,2,2,https://h-stage-apigateway.byjus.onl/wfms-configuration-management/api/v1/mailbox?id=1602,275,0,0
1683802002985,317,Get MailBox By Project Id,200,OK,MailBox API 1-9,text,true,,1265,186,2,2,https://h-stage-apigateway.byjus.onl/wfms-configuration-management/api/v1/mailbox?projectId=2,317,0,116
1683802003259,209,Get MailBox By Offset & Limit,200,OK,MailBox API 1-8,text,true,,1228,191,2,2,https://h-stage-apigateway.byjus.onl/wfms-configuration-management/api/v1/mailbox?offset=0&limit=3,208,0,0
1683802003303,209,Get MailBox,200,OK,MailBox API 1-9,text,true,,2403,174,1,1,https://h-stage-apigateway.byjus.onl/wfms-configuration-management/api/v1/mailbox,196,0,0
1683802003514,216,Get MailBox By Email,200,OK,MailBox API 1-9,text,true,,898,203,1,1,https://h-stage-apigateway.byjus.onl/wfms-configuration-management/api/v1/mailbox?email=support-wfms@byjus.com,216,0,0
1683802003732,217,Get MailBox By ID,200,OK,MailBox API 1-9,text,true,,898,182,1,1,https://h-stage-apigateway.byjus.onl/wfms-configuration-management/api/v1/mailbox?id=1602,217,0,0
1683802003950,195,Get MailBox By Offset & Limit,200,OK,MailBox API 1-9,text,true,,1228,191,2,2,https://h-stage-apigateway.byjus.onl/wfms-configuration-management/api/v1/mailbox?offset=0&limit=3,195,0,0
1683802003989,277,Get MailBox By Project Id,200,OK,MailBox API 1-10,text,true,,1265,186,1,1,https://h-stage-apigateway.byjus.onl/wfms-configuration-management/api/v1/mailbox?projectId=2,277,0,158
1683802004268,111,Get MailBox,200,OK,MailBox API 1-10,text,true,,2403,174,1,1,https://h-stage-apigateway.byjus.onl/wfms-configuration-management/api/v1/mailbox,110,0,0
1683802004381,119,Get MailBox By Email,200,OK,MailBox API 1-10,text,true,,898,203,1,1,https://h-stage-apigateway.byjus.onl/wfms-configuration-management/api/v1/mailbox?email=support-wfms@byjus.com,118,0,0
1683802004500,119,Get MailBox By ID,200,OK,MailBox API 1-10,text,true,,898,182,1,1,https://h-stage-apigateway.byjus.onl/wfms-configuration-management/api/v1/mailbox?id=1602,118,0,0
1683802004620,113,Get MailBox By Offset & Limit,200,OK,MailBox API 1-10,text,true,,1228,191,1,1,https://h-stage-apigateway.byjus.onl/wfms-configuration-management/api/v1/mailbox?offset=0&limit=3,113,0,0
1683802011255,335,Get MailBox By Project Id,200,OK,MailBox API 1-1,text,true,,1265,186,1,1,https://h-stage-apigateway.byjus.onl/wfms-configuration-management/api/v1/mailbox?projectId=2,334,0,128
1683802011590,222,Get MailBox,200,OK,MailBox API 1-1,text,true,,2404,174,1,1,https://h-stage-apigateway.byjus.onl/wfms-configuration-management/api/v1/mailbox,222,0,0
1683802011813,203,Get MailBox By Email,200,OK,MailBox API 1-1,text,true,,898,203,1,1,https://h-stage-apigateway.byjus.onl/wfms-configuration-management/api/v1/mailbox?email=support-wfms@byjus.com,203,0,0
1683802012017,197,Get MailBox By ID,200,OK,MailBox API 1-1,text,true,,898,182,1,1,https://h-stage-apigateway.byjus.onl/wfms-configuration-management/api/v1/mailbox?id=1602,197,0,0
1683802012216,198,Get MailBox By Offset & Limit,200,OK,MailBox API 1-1,text,true,,1228,191,2,2,https://h-stage-apigateway.byjus.onl/wfms-configuration-management/api/v1/mailbox?offset=0&limit=3,198,0,0
1683802012249,303,Get MailBox By Project Id,200,OK,MailBox API 1-2,text,true,,1265,186,1,1,https://h-stage-apigateway.byjus.onl/wfms-configuration-management/api/v1/mailbox?projectId=2,303,0,173
1683802012554,118,Get MailBox,200,OK,MailBox API 1-2,text,true,,2403,174,1,1,https://h-stage-apigateway.byjus.onl/wfms-configuration-management/api/v1/mailbox,118,0,0
1683802012674,119,Get MailBox By Email,200,OK,MailBox API 1-2,text,true,,898,203,1,1,https://h-stage-apigateway.byjus.onl/wfms-configuration-management/api/v1/mailbox?email=support-wfms@byjus.com,119,0,0
1683802012794,120,Get MailBox By ID,200,OK,MailBox API 1-2,text,true,,898,182,1,1,https://h-stage-apigateway.byjus.onl/wfms-configuration-management/api/v1/mailbox?id=1602,120,0,0
1683802012915,137,Get MailBox By Offset & Limit,200,OK,MailBox API 1-2,text,true,,1229,191,1,1,https://h-stage-apigateway.byjus.onl/wfms-configuration-management/api/v1/mailbox?offset=0&limit=3,137,0,0
1683802013250,341,Get MailBox By Project Id,200,OK,MailBox API 1-3,text,true,,1265,186,1,1,https://h-stage-apigateway.byjus.onl/wfms-configuration-management/api/v1/mailbox?projectId=2,341,0,200
1683802013598,102,Get MailBox,200,OK,MailBox API 1-3,text,true,,2403,174,1,1,https://h-stage-apigateway.byjus.onl/wfms-configuration-management/api/v1/mailbox,102,0,0
1683802013701,141,Get MailBox By Email,200,OK,MailBox API 1-3,text,true,,898,203,1,1,https://h-stage-apigateway.byjus.onl/wfms-configuration-management/api/v1/mailbox?email=support-wfms@byjus.com,140,0,0
1683802013842,109,Get MailBox By ID,200,OK,MailBox API 1-3,text,true,,898,182,1,1,https://h-stage-apigateway.byjus.onl/wfms-configuration-management/api/v1/mailbox?id=1602,109,0,0
1683802013952,110,Get MailBox By Offset & Limit,200,OK,MailBox API 1-3,text,true,,1228,191,1,1,https://h-stage-apigateway.byjus.onl/wfms-configuration-management/api/v1/mailbox?offset=0&limit=3,110,0,0
1683802014246,309,Get MailBox By Project Id,200,OK,MailBox API 1-4,text,true,,1265,186,1,1,https://h-stage-apigateway.byjus.onl/wfms-configuration-management/api/v1/mailbox?projectId=2,309,0,91
1683802014556,207,Get MailBox,200,OK,MailBox API 1-4,text,true,,2403,174,1,1,https://h-stage-apigateway.byjus.onl/wfms-configuration-management/api/v1/mailbox,207,0,0
1683802014770,211,Get MailBox By Email,200,OK,MailBox API 1-4,text,true,,898,203,1,1,https://h-stage-apigateway.byjus.onl/wfms-configuration-management/api/v1/mailbox?email=support-wfms@byjus.com,211,0,0
1683802014982,199,Get MailBox By ID,200,OK,MailBox API 1-4,text,true,,898,182,1,1,https://h-stage-apigateway.byjus.onl/wfms-configuration-management/api/v1/mailbox?id=1602,199,0,0
1683802015182,200,Get MailBox By Offset & Limit,200,OK,MailBox API 1-4,text,true,,1228,191,2,2,https://h-stage-apigateway.byjus.onl/wfms-configuration-management/api/v1/mailbox?offset=0&limit=3,200,0,0
1683802015250,339,Get MailBox By Project Id,200,OK,MailBox API 1-5,text,true,,1266,186,1,1,https://h-stage-apigateway.byjus.onl/wfms-configuration-management/api/v1/mailbox?projectId=2,339,0,120
1683802015589,268,Get MailBox,200,OK,MailBox API 1-5,text,true,,2404,174,1,1,https://h-stage-apigateway.byjus.onl/wfms-configuration-management/api/v1/mailbox,267,0,0
1683802015858,235,Get MailBox By Email,200,OK,MailBox API 1-5,text,true,,898,203,1,1,https://h-stage-apigateway.byjus.onl/wfms-configuration-management/api/v1/mailbox?email=support-wfms@byjus.com,235,0,0
1683802016094,190,Get MailBox By ID,200,OK,MailBox API 1-5,text,true,,898,182,2,2,https://h-stage-apigateway.byjus.onl/wfms-configuration-management/api/v1/mailbox?id=1602,190,0,0
1683802016285,212,Get MailBox By Offset & Limit,200,OK,MailBox API 1-5,text,true,,1228,191,2,2,https://h-stage-apigateway.byjus.onl/wfms-configuration-management/api/v1/mailbox?offset=0&limit=3,212,0,0
1683802016247,270,Get MailBox By Project Id,200,OK,MailBox API 1-6,text,true,,1265,186,1,1,https://h-stage-apigateway.byjus.onl/wfms-configuration-management/api/v1/mailbox?projectId=2,270,0,161
1683802016519,129,Get MailBox,200,OK,MailBox API 1-6,text,true,,2403,174,1,1,https://h-stage-apigateway.byjus.onl/wfms-configuration-management/api/v1/mailbox,128,0,0
1683802016649,105,Get MailBox By Email,200,OK,MailBox API 1-6,text,true,,898,203,1,1,https://h-stage-apigateway.byjus.onl/wfms-configuration-management/api/v1/mailbox?email=support-wfms@byjus.com,105,0,0
1683802016755,154,Get MailBox By ID,200,OK,MailBox API 1-6,text,true,,898,182,1,1,https://h-stage-apigateway.byjus.onl/wfms-configuration-management/api/v1/mailbox?id=1602,154,0,0
1683802016910,116,Get MailBox By Offset & Limit,200,OK,MailBox API 1-6,text,true,,1228,191,1,1,https://h-stage-apigateway.byjus.onl/wfms-configuration-management/api/v1/mailbox?offset=0&limit=3,115,0,0
1683802017246,314,Get MailBox By Project Id,200,OK,MailBox API 1-7,text,true,,1266,186,1,1,https://h-stage-apigateway.byjus.onl/wfms-configuration-management/api/v1/mailbox?projectId=2,313,0,181
1683802017561,115,Get MailBox,200,OK,MailBox API 1-7,text,true,,2403,174,1,1,https://h-stage-apigateway.byjus.onl/wfms-configuration-management/api/v1/mailbox,115,0,0
1683802017676,116,Get MailBox By Email,200,OK,MailBox API 1-7,text,true,,898,203,1,1,https://h-stage-apigateway.byjus.onl/wfms-configuration-management/api/v1/mailbox?email=support-wfms@byjus.com,116,0,0
1683802017796,128,Get MailBox By ID,200,OK,MailBox API 1-7,text,true,,898,182,1,1,https://h-stage-apigateway.byjus.onl/wfms-configuration-management/api/v1/mailbox?id=1602,127,0,0
1683802017925,115,Get MailBox By Offset & Limit,200,OK,MailBox API 1-7,text,true,,1228,191,1,1,https://h-stage-apigateway.byjus.onl/wfms-configuration-management/api/v1/mailbox?offset=0&limit=3,115,0,0
1683802018254,310,Get MailBox By Project Id,200,OK,MailBox API 1-8,text,true,,1265,186,1,1,https://h-stage-apigateway.byjus.onl/wfms-configuration-management/api/v1/mailbox?projectId=2,310,0,105
1683802018566,208,Get MailBox,200,OK,MailBox API 1-8,text,true,,2403,174,1,1,https://h-stage-apigateway.byjus.onl/wfms-configuration-management/api/v1/mailbox,208,0,0
1683802018776,208,Get MailBox By Email,200,OK,MailBox API 1-8,text,true,,898,203,1,1,https://h-stage-apigateway.byjus.onl/wfms-configuration-management/api/v1/mailbox?email=support-wfms@byjus.com,207,0,0
1683802018985,215,Get MailBox By ID,200,OK,MailBox API 1-8,text,true,,898,182,1,1,https://h-stage-apigateway.byjus.onl/wfms-configuration-management/api/v1/mailbox?id=1602,215,0,0
1683802019201,202,Get MailBox By Offset & Limit,200,OK,MailBox API 1-8,text,true,,1228,191,2,2,https://h-stage-apigateway.byjus.onl/wfms-configuration-management/api/v1/mailbox?offset=0&limit=3,202,0,0
1683802019248,293,Get MailBox By Project Id,200,OK,MailBox API 1-9,text,true,,1265,186,1,1,https://h-stage-apigateway.byjus.onl/wfms-configuration-management/api/v1/mailbox?projectId=2,293,0,173
1683802019542,119,Get MailBox,200,OK,MailBox API 1-9,text,true,,2403,174,1,1,https://h-stage-apigateway.byjus.onl/wfms-configuration-management/api/v1/mailbox,119,0,0
1683802019662,106,Get MailBox By Email,200,OK,MailBox API 1-9,text,true,,898,203,1,1,https://h-stage-apigateway.byjus.onl/wfms-configuration-management/api/v1/mailbox?email=support-wfms@byjus.com,106,0,0
1683802019770,114,Get MailBox By ID,200,OK,MailBox API 1-9,text,true,,898,182,1,1,https://h-stage-apigateway.byjus.onl/wfms-configuration-management/api/v1/mailbox?id=1602,114,0,0
1683802019885,155,Get MailBox By Offset & Limit,200,OK,MailBox API 1-9,text,true,,1229,191,1,1,https://h-stage-apigateway.byjus.onl/wfms-configuration-management/api/v1/mailbox?offset=0&limit=3,155,0,0
1683802020245,313,Get MailBox By Project Id,200,OK,MailBox API 1-10,text,true,,1265,186,1,1,https://h-stage-apigateway.byjus.onl/wfms-configuration-management/api/v1/mailbox?projectId=2,312,0,202
1683802020559,117,Get MailBox,200,OK,MailBox API 1-10,text,true,,2403,174,1,1,https://h-stage-apigateway.byjus.onl/wfms-configuration-management/api/v1/mailbox,117,0,0
1683802020677,136,Get MailBox By Email,200,OK,MailBox API 1-10,text,true,,898,203,1,1,https://h-stage-apigateway.byjus.onl/wfms-configuration-management/api/v1/mailbox?email=support-wfms@byjus.com,136,0,0
1683802020824,139,Get MailBox By ID,200,OK,MailBox API 1-10,text,true,,898,182,1,1,https://h-stage-apigateway.byjus.onl/wfms-configuration-management/api/v1/mailbox?id=1602,139,0,0
1683802020964,124,Get MailBox By Offset & Limit,200,OK,MailBox API 1-10,text,true,,1228,191,1,1,https://h-stage-apigateway.byjus.onl/wfms-configuration-management/api/v1/mailbox?offset=0&limit=3,124,0,0
