timeStamp,elapsed,label,responseCode,responseMessage,threadName,dataType,success,failureMessage,bytes,sentBytes,grpThreads,allThreads,URL,Latency,IdleTime,Connect
1683800978429,765,Get SLA By project Id,200,OK,SLA API 1-1,text,true,,1560,208,1,1,https://h-stage-apigateway.byjus.onl/wfms-configuration-management/wfms/configurationManagement/v1/slas?projectId=2,761,0,640
1683800979367,791,Get SLA By project Id,200,OK,SLA API 1-2,text,true,,1560,208,1,1,https://h-stage-apigateway.byjus.onl/wfms-configuration-management/wfms/configurationManagement/v1/slas?projectId=2,788,0,107
1683800980365,323,Get SLA By project Id,200,OK,SLA API 1-3,text,true,,1560,208,1,1,https://h-stage-apigateway.byjus.onl/wfms-configuration-management/wfms/configurationManagement/v1/slas?projectId=2,322,0,204
1683800981367,350,Get SLA By project Id,200,OK,SLA API 1-4,text,true,,1561,208,1,1,https://h-stage-apigateway.byjus.onl/wfms-configuration-management/wfms/configurationManagement/v1/slas?projectId=2,350,0,218
1683800982365,700,Get SLA By project Id,200,OK,SLA API 1-5,text,true,,1560,208,1,1,https://h-stage-apigateway.byjus.onl/wfms-configuration-management/wfms/configurationManagement/v1/slas?projectId=2,700,0,355
1683800983371,346,Get SLA By project Id,200,OK,SLA API 1-6,text,true,,1560,208,1,1,https://h-stage-apigateway.byjus.onl/wfms-configuration-management/wfms/configurationManagement/v1/slas?projectId=2,346,0,191
1683800984370,723,Get SLA By project Id,200,OK,SLA API 1-7,text,true,,1560,208,1,1,https://h-stage-apigateway.byjus.onl/wfms-configuration-management/wfms/configurationManagement/v1/slas?projectId=2,722,0,123
1683800985371,558,Get SLA By project Id,200,OK,SLA API 1-8,text,true,,1560,208,1,1,https://h-stage-apigateway.byjus.onl/wfms-configuration-management/wfms/configurationManagement/v1/slas?projectId=2,558,0,389
1683800986365,375,Get SLA By project Id,200,OK,SLA API 1-9,text,true,,1560,208,1,1,https://h-stage-apigateway.byjus.onl/wfms-configuration-management/wfms/configurationManagement/v1/slas?projectId=2,375,0,189
1683800987365,315,Get SLA By project Id,200,OK,SLA API 1-10,text,true,,1560,208,1,1,https://h-stage-apigateway.byjus.onl/wfms-configuration-management/wfms/configurationManagement/v1/slas?projectId=2,314,0,187
1683801341935,353,Get SLA By project Id,200,OK,SLA API 1-1,text,true,,1560,208,1,1,https://h-stage-apigateway.byjus.onl/wfms-configuration-management/wfms/configurationManagement/v1/slas?projectId=2,352,0,238
1683801342935,318,Get SLA By project Id,200,OK,SLA API 1-2,text,true,,1560,208,1,1,https://h-stage-apigateway.byjus.onl/wfms-configuration-management/wfms/configurationManagement/v1/slas?projectId=2,318,0,98
1683801343938,310,Get SLA By project Id,200,OK,SLA API 1-3,text,true,,1560,208,1,1,https://h-stage-apigateway.byjus.onl/wfms-configuration-management/wfms/configurationManagement/v1/slas?projectId=2,309,0,185
1683801344941,333,Get SLA By project Id,200,OK,SLA API 1-4,text,true,,1560,208,1,1,https://h-stage-apigateway.byjus.onl/wfms-configuration-management/wfms/configurationManagement/v1/slas?projectId=2,332,0,117
1683801345937,725,Get SLA By project Id,200,OK,SLA API 1-5,text,true,,1560,208,1,1,https://h-stage-apigateway.byjus.onl/wfms-configuration-management/wfms/configurationManagement/v1/slas?projectId=2,724,0,92
1683801346940,321,Get SLA By project Id,200,OK,SLA API 1-6,text,true,,1560,208,1,1,https://h-stage-apigateway.byjus.onl/wfms-configuration-management/wfms/configurationManagement/v1/slas?projectId=2,320,0,181
1683801347938,271,Get SLA By project Id,200,OK,SLA API 1-7,text,true,,1560,208,1,1,https://h-stage-apigateway.byjus.onl/wfms-configuration-management/wfms/configurationManagement/v1/slas?projectId=2,270,0,156
1683801348940,298,Get SLA By project Id,200,OK,SLA API 1-8,text,true,,1560,208,1,1,https://h-stage-apigateway.byjus.onl/wfms-configuration-management/wfms/configurationManagement/v1/slas?projectId=2,297,0,169
1683801349942,315,Get SLA By project Id,200,OK,SLA API 1-9,text,true,,1560,208,1,1,https://h-stage-apigateway.byjus.onl/wfms-configuration-management/wfms/configurationManagement/v1/slas?projectId=2,314,0,111
1683801350941,282,Get SLA By project Id,200,OK,SLA API 1-10,text,true,,1560,208,1,1,https://h-stage-apigateway.byjus.onl/wfms-configuration-management/wfms/configurationManagement/v1/slas?projectId=2,281,0,170
1683801535810,576,Get SLA By project Id,200,OK,SLA API 1-1,text,true,,1560,208,1,1,https://h-stage-apigateway.byjus.onl/wfms-configuration-management/wfms/configurationManagement/v1/slas?projectId=2,574,0,299
1683801536807,322,Get SLA By project Id,200,OK,SLA API 1-2,text,true,,1560,208,1,1,https://h-stage-apigateway.byjus.onl/wfms-configuration-management/wfms/configurationManagement/v1/slas?projectId=2,322,0,121
1683801537808,309,Get SLA By project Id,200,OK,SLA API 1-3,text,true,,1560,208,1,1,https://h-stage-apigateway.byjus.onl/wfms-configuration-management/wfms/configurationManagement/v1/slas?projectId=2,309,0,114
1683801538802,283,Get SLA By project Id,200,OK,SLA API 1-4,text,true,,1560,208,1,1,https://h-stage-apigateway.byjus.onl/wfms-configuration-management/wfms/configurationManagement/v1/slas?projectId=2,283,0,173
1683801539809,311,Get SLA By project Id,200,OK,SLA API 1-5,text,true,,1561,208,1,1,https://h-stage-apigateway.byjus.onl/wfms-configuration-management/wfms/configurationManagement/v1/slas?projectId=2,311,0,170
1683801540802,321,Get SLA By project Id,200,OK,SLA API 1-6,text,true,,1560,208,1,1,https://h-stage-apigateway.byjus.onl/wfms-configuration-management/wfms/configurationManagement/v1/slas?projectId=2,321,0,97
1683801541815,290,Get SLA By project Id,200,OK,SLA API 1-7,text,true,,1560,208,1,1,https://h-stage-apigateway.byjus.onl/wfms-configuration-management/wfms/configurationManagement/v1/slas?projectId=2,290,0,177
1683801542806,318,Get SLA By project Id,200,OK,SLA API 1-8,text,true,,1560,208,1,1,https://h-stage-apigateway.byjus.onl/wfms-configuration-management/wfms/configurationManagement/v1/slas?projectId=2,318,0,98
1683801543807,295,Get SLA By project Id,200,OK,SLA API 1-9,text,true,,1560,208,1,1,https://h-stage-apigateway.byjus.onl/wfms-configuration-management/wfms/configurationManagement/v1/slas?projectId=2,294,0,181
1683801544811,335,Get SLA By project Id,200,OK,SLA API 1-10,text,true,,1560,208,1,1,https://h-stage-apigateway.byjus.onl/wfms-configuration-management/wfms/configurationManagement/v1/slas?projectId=2,334,0,113
1683801691930,428,Get MailBox,200,OK,MailBox API 1-1,text,true,,1265,186,1,1,https://h-stage-apigateway.byjus.onl/wfms-configuration-management/api/v1/mailbox?projectId=2,425,0,220
1683801692925,479,Get MailBox,200,OK,MailBox API 1-2,text,true,,1265,186,1,1,https://h-stage-apigateway.byjus.onl/wfms-configuration-management/api/v1/mailbox?projectId=2,479,0,342
1683801693929,328,Get MailBox,200,OK,MailBox API 1-3,text,true,,1265,186,1,1,https://h-stage-apigateway.byjus.onl/wfms-configuration-management/api/v1/mailbox?projectId=2,328,0,115
1683801694928,321,Get MailBox,200,OK,MailBox API 1-4,text,true,,1265,186,1,1,https://h-stage-apigateway.byjus.onl/wfms-configuration-management/api/v1/mailbox?projectId=2,321,0,208
1683801695928,356,Get MailBox,200,OK,MailBox API 1-5,text,true,,1265,186,1,1,https://h-stage-apigateway.byjus.onl/wfms-configuration-management/api/v1/mailbox?projectId=2,356,0,219
1683801696930,399,Get MailBox,200,OK,MailBox API 1-6,text,true,,1265,186,1,1,https://h-stage-apigateway.byjus.onl/wfms-configuration-management/api/v1/mailbox?projectId=2,399,0,190
1683801697929,364,Get MailBox,200,OK,MailBox API 1-7,text,true,,1265,186,1,1,https://h-stage-apigateway.byjus.onl/wfms-configuration-management/api/v1/mailbox?projectId=2,364,0,163
1683801698927,310,Get MailBox,200,OK,MailBox API 1-8,text,true,,1265,186,1,1,https://h-stage-apigateway.byjus.onl/wfms-configuration-management/api/v1/mailbox?projectId=2,310,0,110
1683801699930,295,Get MailBox,200,OK,MailBox API 1-9,text,true,,1265,186,1,1,https://h-stage-apigateway.byjus.onl/wfms-configuration-management/api/v1/mailbox?projectId=2,295,0,178
1683801700926,318,Get MailBox,200,OK,MailBox API 1-10,text,true,,1265,186,1,1,https://h-stage-apigateway.byjus.onl/wfms-configuration-management/api/v1/mailbox?projectId=2,318,0,207
