timeStamp,elapsed,label,responseCode,responseMessage,threadName,dataType,success,failureMessage,bytes,sentBytes,grpThreads,allThreads,URL,Latency,IdleTime,Connect
1680067399932,186,getUserList,200,OK,Thread Group 1-1,text,true,,795,223,2,2,"https://h-stage-apigateway.byjus.onl/wfms-user-management/api/v1/users?emailIds=ankur.singh14@byjus.com,gaurang.agarwal1@byjus.com",186,0,105
1680067400036,216,getUserList,200,OK,Thread Group 1-2,text,true,,795,223,3,3,"https://h-stage-apigateway.byjus.onl/wfms-user-management/api/v1/users?emailIds=ankur.singh14@byjus.com,gaurang.agarwal1@byjus.com",216,0,24
1680067400136,208,getUserList,200,OK,Thread Group 1-3,text,true,,795,223,3,3,"https://h-stage-apigateway.byjus.onl/wfms-user-management/api/v1/users?emailIds=ankur.singh14@byjus.com,gaurang.agarwal1@byjus.com",208,0,28
1680067400239,154,getUserList,200,OK,Thread Group 1-4,text,true,,795,223,2,2,"https://h-stage-apigateway.byjus.onl/wfms-user-management/api/v1/users?emailIds=ankur.singh14@byjus.com,gaurang.agarwal1@byjus.com",154,0,88
1680067400337,218,getUserList,200,OK,Thread Group 1-5,text,true,,795,223,3,3,"https://h-stage-apigateway.byjus.onl/wfms-user-management/api/v1/users?emailIds=ankur.singh14@byjus.com,gaurang.agarwal1@byjus.com",218,0,30
1680067400437,183,getUserList,200,OK,Thread Group 1-6,text,true,,794,223,2,2,"https://h-stage-apigateway.byjus.onl/wfms-user-management/api/v1/users?emailIds=ankur.singh14@byjus.com,gaurang.agarwal1@byjus.com",183,0,26
1680067400538,176,getUserList,200,OK,Thread Group 1-7,text,true,,795,223,2,2,"https://h-stage-apigateway.byjus.onl/wfms-user-management/api/v1/users?emailIds=ankur.singh14@byjus.com,gaurang.agarwal1@byjus.com",175,0,98
1680067400637,159,getUserList,200,OK,Thread Group 1-8,text,true,,794,223,2,2,"https://h-stage-apigateway.byjus.onl/wfms-user-management/api/v1/users?emailIds=ankur.singh14@byjus.com,gaurang.agarwal1@byjus.com",159,0,84
1680067400737,199,getUserList,200,OK,Thread Group 1-9,text,true,,795,223,2,2,"https://h-stage-apigateway.byjus.onl/wfms-user-management/api/v1/users?emailIds=ankur.singh14@byjus.com,gaurang.agarwal1@byjus.com",199,0,26
1680067400837,160,getUserList,200,OK,Thread Group 1-10,text,true,,794,223,1,1,"https://h-stage-apigateway.byjus.onl/wfms-user-management/api/v1/users?emailIds=ankur.singh14@byjus.com,gaurang.agarwal1@byjus.com",160,0,92
