timeStamp,elapsed,label,responseCode,responseMessage,threadName,dataType,success,failureMessage,bytes,sentBytes,grpThreads,allThreads,URL,Latency,IdleTime,Connect
2023/05/18 14:42:01,210,PRCA TC-01/ roles,401,Unauthorized,jp@gc - Ultimate Thread Group_Prod 1-25,text,false,,961,307,2,2,https://api.byjus.com/wfms-configuration-management/wfms/configurationManagement/v1/roles?projectId=2&genericName=agent,210,0,26
2023/05/18 14:42:01,63,PRCA TC-01/ roles,401,Unauthorized,jp@gc - Ultimate Thread Group_Prod 1-25,text,false,,959,307,2,2,https://api.byjus.com/wfms-configuration-management/wfms/configurationManagement/v1/roles?projectId=2&genericName=agent,63,0,13
2023/05/18 14:42:01,142,PRCA TC-01/ roles,401,Unauthorized,jp@gc - Ultimate Thread Group_Prod 1-24,text,false,,960,307,2,2,https://api.byjus.com/wfms-configuration-management/wfms/configurationManagement/v1/roles?projectId=2&genericName=agent,142,0,24
2023/05/18 14:42:02,158,PRCA TC-01/ roles,401,Unauthorized,jp@gc - Ultimate Thread Group_Prod 1-25,text,false,,961,307,3,3,https://api.byjus.com/wfms-configuration-management/wfms/configurationManagement/v1/roles?projectId=2&genericName=agent,158,0,13
2023/05/18 14:42:02,88,PRCA TC-01/ roles,401,Unauthorized,jp@gc - Ultimate Thread Group_Prod 1-24,text,false,,960,307,3,3,https://api.byjus.com/wfms-configuration-management/wfms/configurationManagement/v1/roles?projectId=2&genericName=agent,88,0,25
2023/05/18 14:42:02,112,PRCA TC-01/ roles,401,Unauthorized,jp@gc - Ultimate Thread Group_Prod 1-24,text,false,,959,307,3,3,https://api.byjus.com/wfms-configuration-management/wfms/configurationManagement/v1/roles?projectId=2&genericName=agent,112,0,11
2023/05/18 14:42:02,89,PRCA TC-01/ roles,401,Unauthorized,jp@gc - Ultimate Thread Group_Prod 1-24,text,false,,959,307,4,4,https://api.byjus.com/wfms-configuration-management/wfms/configurationManagement/v1/roles?projectId=2&genericName=agent,89,0,33
2023/05/18 14:42:02,204,PRCA TC-01/ roles,401,Unauthorized,jp@gc - Ultimate Thread Group_Prod 1-25,text,false,,961,307,4,4,https://api.byjus.com/wfms-configuration-management/wfms/configurationManagement/v1/roles?projectId=2&genericName=agent,204,0,13
2023/05/18 14:42:02,238,PRCA TC-01/ roles,401,Unauthorized,jp@gc - Ultimate Thread Group_Prod 1-23,text,false,,961,307,4,4,https://api.byjus.com/wfms-configuration-management/wfms/configurationManagement/v1/roles?projectId=2&genericName=agent,238,0,22
2023/05/18 14:42:02,136,PRCA TC-01/ roles,401,Unauthorized,jp@gc - Ultimate Thread Group_Prod 1-22,text,false,,960,307,4,4,https://api.byjus.com/wfms-configuration-management/wfms/configurationManagement/v1/roles?projectId=2&genericName=agent,136,0,9
2023/05/18 14:42:02,102,PRCA TC-01/ roles,401,Unauthorized,jp@gc - Ultimate Thread Group_Prod 1-23,text,false,,960,307,4,4,https://api.byjus.com/wfms-configuration-management/wfms/configurationManagement/v1/roles?projectId=2&genericName=agent,102,0,17
2023/05/18 14:42:02,103,PRCA TC-01/ roles,401,Unauthorized,jp@gc - Ultimate Thread Group_Prod 1-25,text,false,,960,307,4,4,https://api.byjus.com/wfms-configuration-management/wfms/configurationManagement/v1/roles?projectId=2&genericName=agent,103,0,12
2023/05/18 14:42:02,105,PRCA TC-01/ roles,401,Unauthorized,jp@gc - Ultimate Thread Group_Prod 1-24,text,false,,960,307,4,4,https://api.byjus.com/wfms-configuration-management/wfms/configurationManagement/v1/roles?projectId=2&genericName=agent,105,0,13
2023/05/18 14:42:02,95,PRCA TC-01/ roles,401,Unauthorized,jp@gc - Ultimate Thread Group_Prod 1-22,text,false,,960,307,5,5,https://api.byjus.com/wfms-configuration-management/wfms/configurationManagement/v1/roles?projectId=2&genericName=agent,95,0,11
2023/05/18 14:42:02,92,PRCA TC-01/ roles,401,Unauthorized,jp@gc - Ultimate Thread Group_Prod 1-24,text,false,,960,307,5,5,https://api.byjus.com/wfms-configuration-management/wfms/configurationManagement/v1/roles?projectId=2&genericName=agent,92,0,17
2023/05/18 14:42:02,95,PRCA TC-01/ roles,401,Unauthorized,jp@gc - Ultimate Thread Group_Prod 1-23,text,false,,960,307,5,5,https://api.byjus.com/wfms-configuration-management/wfms/configurationManagement/v1/roles?projectId=2&genericName=agent,95,0,15
2023/05/18 14:42:02,95,PRCA TC-01/ roles,401,Unauthorized,jp@gc - Ultimate Thread Group_Prod 1-25,text,false,,960,307,5,5,https://api.byjus.com/wfms-configuration-management/wfms/configurationManagement/v1/roles?projectId=2&genericName=agent,95,0,13
2023/05/18 14:42:02,105,PRCA TC-01/ roles,401,Unauthorized,jp@gc - Ultimate Thread Group_Prod 1-22,text,false,,960,307,5,5,https://api.byjus.com/wfms-configuration-management/wfms/configurationManagement/v1/roles?projectId=2&genericName=agent,105,0,14
2023/05/18 14:42:02,102,PRCA TC-01/ roles,401,Unauthorized,jp@gc - Ultimate Thread Group_Prod 1-24,text,false,,960,307,5,5,https://api.byjus.com/wfms-configuration-management/wfms/configurationManagement/v1/roles?projectId=2&genericName=agent,102,0,18
2023/05/18 14:42:02,103,PRCA TC-01/ roles,401,Unauthorized,jp@gc - Ultimate Thread Group_Prod 1-23,text,false,,960,307,5,5,https://api.byjus.com/wfms-configuration-management/wfms/configurationManagement/v1/roles?projectId=2&genericName=agent,103,0,18
2023/05/18 14:42:02,138,PRCA TC-01/ roles,401,Unauthorized,jp@gc - Ultimate Thread Group_Prod 1-21,text,false,,960,307,5,5,https://api.byjus.com/wfms-configuration-management/wfms/configurationManagement/v1/roles?projectId=2&genericName=agent,138,0,12
2023/05/18 14:42:02,105,PRCA TC-01/ roles,401,Unauthorized,jp@gc - Ultimate Thread Group_Prod 1-25,text,false,,960,307,5,5,https://api.byjus.com/wfms-configuration-management/wfms/configurationManagement/v1/roles?projectId=2&genericName=agent,105,0,10
2023/05/18 17:23:50,64,PRCA TC-01/ roles,401,Unauthorized,jp@gc - Ultimate Thread Group_Prod 1-25,text,false,,959,307,1,1,https://api.byjus.com/wfms-configuration-management/wfms/configurationManagement/v1/roles?projectId=2&genericName=agent,64,0,13
2023/05/18 17:23:50,58,PRCA TC-01/ roles,401,Unauthorized,jp@gc - Ultimate Thread Group_Prod 1-25,text,false,,957,307,1,1,https://api.byjus.com/wfms-configuration-management/wfms/configurationManagement/v1/roles?projectId=2&genericName=agent,58,0,13
2023/05/18 17:23:50,76,PRCA TC-01/ roles,401,Unauthorized,jp@gc - Ultimate Thread Group_Prod 1-25,text,false,,959,307,1,1,https://api.byjus.com/wfms-configuration-management/wfms/configurationManagement/v1/roles?projectId=2&genericName=agent,76,0,10
2023/05/18 17:23:50,72,PRCA TC-01/ roles,401,Unauthorized,jp@gc - Ultimate Thread Group_Prod 1-25,text,false,,959,307,2,2,https://api.byjus.com/wfms-configuration-management/wfms/configurationManagement/v1/roles?projectId=2&genericName=agent,72,0,13
2023/05/18 17:23:50,72,PRCA TC-01/ roles,401,Unauthorized,jp@gc - Ultimate Thread Group_Prod 1-24,text,false,,959,307,2,2,https://api.byjus.com/wfms-configuration-management/wfms/configurationManagement/v1/roles?projectId=2&genericName=agent,72,0,14
2023/05/18 17:23:50,56,PRCA TC-01/ roles,401,Unauthorized,jp@gc - Ultimate Thread Group_Prod 1-24,text,false,,959,307,2,2,https://api.byjus.com/wfms-configuration-management/wfms/configurationManagement/v1/roles?projectId=2&genericName=agent,56,0,12
2023/05/18 17:23:50,65,PRCA TC-01/ roles,401,Unauthorized,jp@gc - Ultimate Thread Group_Prod 1-25,text,false,,959,307,2,2,https://api.byjus.com/wfms-configuration-management/wfms/configurationManagement/v1/roles?projectId=2&genericName=agent,65,0,11
2023/05/18 17:23:50,56,PRCA TC-01/ roles,401,Unauthorized,jp@gc - Ultimate Thread Group_Prod 1-24,text,false,,959,307,2,2,https://api.byjus.com/wfms-configuration-management/wfms/configurationManagement/v1/roles?projectId=2&genericName=agent,56,0,10
2023/05/18 17:23:50,58,PRCA TC-01/ roles,401,Unauthorized,jp@gc - Ultimate Thread Group_Prod 1-25,text,false,,958,307,2,2,https://api.byjus.com/wfms-configuration-management/wfms/configurationManagement/v1/roles?projectId=2&genericName=agent,58,0,10
2023/05/18 17:23:50,59,PRCA TC-01/ roles,401,Unauthorized,jp@gc - Ultimate Thread Group_Prod 1-24,text,false,,959,307,3,3,https://api.byjus.com/wfms-configuration-management/wfms/configurationManagement/v1/roles?projectId=2&genericName=agent,58,0,13
2023/05/18 17:23:50,54,PRCA TC-01/ roles,401,Unauthorized,jp@gc - Ultimate Thread Group_Prod 1-23,text,false,,958,307,3,3,https://api.byjus.com/wfms-configuration-management/wfms/configurationManagement/v1/roles?projectId=2&genericName=agent,54,0,11
2023/05/18 17:23:50,60,PRCA TC-01/ roles,401,Unauthorized,jp@gc - Ultimate Thread Group_Prod 1-25,text,false,,959,307,3,3,https://api.byjus.com/wfms-configuration-management/wfms/configurationManagement/v1/roles?projectId=2&genericName=agent,60,0,11
2023/05/18 17:23:50,61,PRCA TC-01/ roles,401,Unauthorized,jp@gc - Ultimate Thread Group_Prod 1-24,text,false,,959,307,3,3,https://api.byjus.com/wfms-configuration-management/wfms/configurationManagement/v1/roles?projectId=2&genericName=agent,61,0,11
2023/05/18 17:23:50,56,PRCA TC-01/ roles,401,Unauthorized,jp@gc - Ultimate Thread Group_Prod 1-25,text,false,,959,307,3,3,https://api.byjus.com/wfms-configuration-management/wfms/configurationManagement/v1/roles?projectId=2&genericName=agent,56,0,10
2023/05/18 17:23:50,64,PRCA TC-01/ roles,401,Unauthorized,jp@gc - Ultimate Thread Group_Prod 1-23,text,false,,957,307,3,3,https://api.byjus.com/wfms-configuration-management/wfms/configurationManagement/v1/roles?projectId=2&genericName=agent,64,0,15
2023/05/18 17:23:50,57,PRCA TC-01/ roles,401,Unauthorized,jp@gc - Ultimate Thread Group_Prod 1-24,text,false,,959,307,3,3,https://api.byjus.com/wfms-configuration-management/wfms/configurationManagement/v1/roles?projectId=2&genericName=agent,57,0,11
2023/05/18 17:23:50,60,PRCA TC-01/ roles,401,Unauthorized,jp@gc - Ultimate Thread Group_Prod 1-25,text,false,,959,307,3,3,https://api.byjus.com/wfms-configuration-management/wfms/configurationManagement/v1/roles?projectId=2&genericName=agent,60,0,13
2023/05/18 17:23:50,57,PRCA TC-01/ roles,401,Unauthorized,jp@gc - Ultimate Thread Group_Prod 1-23,text,false,,959,307,3,3,https://api.byjus.com/wfms-configuration-management/wfms/configurationManagement/v1/roles?projectId=2&genericName=agent,57,0,12
2023/05/18 17:23:50,58,PRCA TC-01/ roles,401,Unauthorized,jp@gc - Ultimate Thread Group_Prod 1-24,text,false,,959,307,4,4,https://api.byjus.com/wfms-configuration-management/wfms/configurationManagement/v1/roles?projectId=2&genericName=agent,58,0,13
2023/05/18 17:23:50,62,PRCA TC-01/ roles,401,Unauthorized,jp@gc - Ultimate Thread Group_Prod 1-23,text,false,,959,307,4,4,https://api.byjus.com/wfms-configuration-management/wfms/configurationManagement/v1/roles?projectId=2&genericName=agent,62,0,10
2023/05/18 17:24:13,3179,PRCA TC-01/ roles,502,Bad Gateway,jp@gc - Ultimate Thread Group_Prod 1-25,text,false,,340,307,25,25,https://api.byjus.com/wfms-configuration-management/wfms/configurationManagement/v1/roles?projectId=2&genericName=agent,3179,0,10
2023/05/19 11:27:12,69,PRCA TC-01/ roles,401,Unauthorized,Get Roles list [Generic/All] 2-25,text,false,,959,307,1,3,https://api.byjus.com/wfms-configuration-management/wfms/configurationManagement/v1/roles?projectId=2&genericName=agent,69,0,23
2023/05/19 11:27:12,68,PRCA TC-01/ roles,401,Unauthorized,Get Roles list [Generic/All] 2-25,text,false,,959,307,1,4,https://api.byjus.com/wfms-configuration-management/wfms/configurationManagement/v1/roles?projectId=2&genericName=agent,68,0,12
2023/05/19 11:27:12,65,PRCA TC-01/ roles,401,Unauthorized,Get Roles list [Generic/All] 2-25,text,false,,959,307,2,6,https://api.byjus.com/wfms-configuration-management/wfms/configurationManagement/v1/roles?projectId=2&genericName=agent,65,0,13
2023/05/19 11:27:12,66,PRCA TC-01/ roles,401,Unauthorized,Get Roles list [Generic/All] 2-25,text,false,,959,307,2,6,https://api.byjus.com/wfms-configuration-management/wfms/configurationManagement/v1/roles?projectId=2&genericName=agent,66,0,12
2023/05/19 11:27:12,69,PRCA TC-01/ roles,401,Unauthorized,Get Roles list [Generic/All] 2-24,text,false,,959,307,2,6,https://api.byjus.com/wfms-configuration-management/wfms/configurationManagement/v1/roles?projectId=2&genericName=agent,69,0,14
2023/05/19 11:27:12,61,PRCA TC-01/ roles,401,Unauthorized,Get Roles list [Generic/All] 2-25,text,false,,959,307,2,7,https://api.byjus.com/wfms-configuration-management/wfms/configurationManagement/v1/roles?projectId=2&genericName=agent,61,0,17
2023/05/19 11:27:12,70,PRCA TC-01/ roles,401,Unauthorized,Get Roles list [Generic/All] 2-24,text,false,,959,307,2,7,https://api.byjus.com/wfms-configuration-management/wfms/configurationManagement/v1/roles?projectId=2&genericName=agent,70,0,19
2023/05/19 11:27:12,54,PRCA TC-01/ roles,401,Unauthorized,Get Roles list [Generic/All] 2-25,text,false,,959,307,2,7,https://api.byjus.com/wfms-configuration-management/wfms/configurationManagement/v1/roles?projectId=2&genericName=agent,54,0,11
2023/05/19 11:27:12,59,PRCA TC-01/ roles,401,Unauthorized,Get Roles list [Generic/All] 2-24,text,false,,959,307,3,9,https://api.byjus.com/wfms-configuration-management/wfms/configurationManagement/v1/roles?projectId=2&genericName=agent,59,0,11
2023/05/19 11:27:12,69,PRCA TC-01/ roles,401,Unauthorized,Get Roles list [Generic/All] 2-25,text,false,,959,307,3,9,https://api.byjus.com/wfms-configuration-management/wfms/configurationManagement/v1/roles?projectId=2&genericName=agent,69,0,12
2023/05/19 11:27:12,66,PRCA TC-01/ roles,401,Unauthorized,Get Roles list [Generic/All] 2-24,text,false,,959,307,3,9,https://api.byjus.com/wfms-configuration-management/wfms/configurationManagement/v1/roles?projectId=2&genericName=agent,66,0,12
2023/05/19 11:27:12,67,PRCA TC-01/ roles,401,Unauthorized,Get Roles list [Generic/All] 2-23,text,false,,959,307,3,9,https://api.byjus.com/wfms-configuration-management/wfms/configurationManagement/v1/roles?projectId=2&genericName=agent,67,0,10
2023/05/19 11:27:12,54,PRCA TC-01/ roles,401,Unauthorized,Get Roles list [Generic/All] 2-24,text,false,,959,307,3,10,https://api.byjus.com/wfms-configuration-management/wfms/configurationManagement/v1/roles?projectId=2&genericName=agent,54,0,12
2023/05/19 11:27:12,66,PRCA TC-01/ roles,401,Unauthorized,Get Roles list [Generic/All] 2-25,text,false,,959,307,3,10,https://api.byjus.com/wfms-configuration-management/wfms/configurationManagement/v1/roles?projectId=2&genericName=agent,66,0,17
2023/05/19 11:27:12,60,PRCA TC-01/ roles,401,Unauthorized,Get Roles list [Generic/All] 2-23,text,false,,959,307,3,10,https://api.byjus.com/wfms-configuration-management/wfms/configurationManagement/v1/roles?projectId=2&genericName=agent,60,0,12
