timeStamp,elapsed,label,responseCode,responseMessage,threadName,dataType,success,failureMessage,bytes,sentBytes,grpThreads,allThreads,URL,Latency,IdleTime,Connect
2023/05/19 11:10:00,1547,SMTP Sampler,500,"AuthenticationFailedException: authentication failed - wrong username / password!
javax.mail.AuthenticationFailedException",Get Project List -Prod 1-50,text,false,,181,0,16,16,null,0,0,0
2023/05/19 11:10:00,1391,SMTP Sampler,500,"AuthenticationFailedException: authentication failed - wrong username / password!
javax.mail.AuthenticationFailedException",Get Project List -Prod 1-48,text,false,,181,0,16,16,null,0,0,0
2023/05/19 11:10:00,1491,SMTP Sampler,500,"AuthenticationFailedException: authentication failed - wrong username / password!
javax.mail.AuthenticationFailedException",Get Project List -Prod 1-49,text,false,,179,0,17,17,null,0,0,0
2023/05/19 11:10:00,1249,SMTP Sampler,500,"AuthenticationFailedException: authentication failed - wrong username / password!
javax.mail.AuthenticationFailedException",Get Project List -Prod 1-46,text,false,,179,0,17,17,null,0,0,0
2023/05/19 11:10:00,1244,SMTP Sampler,500,"AuthenticationFailedException: authentication failed - wrong username / password!
javax.mail.AuthenticationFailedException",Get Project List -Prod 1-45,text,false,,179,0,18,18,null,0,0,0
2023/05/19 11:10:01,1249,SMTP Sampler,500,"AuthenticationFailedException: authentication failed - wrong username / password!
javax.mail.AuthenticationFailedException",Get Project List -Prod 1-44,text,false,,181,0,19,19,null,0,0,0
2023/05/19 11:10:01,1225,SMTP Sampler,500,"AuthenticationFailedException: authentication failed - wrong username / password!
javax.mail.AuthenticationFailedException",Get Project List -Prod 1-43,text,false,,181,0,20,20,null,0,0,0
2023/05/19 11:10:01,1255,SMTP Sampler,500,"AuthenticationFailedException: authentication failed - wrong username / password!
javax.mail.AuthenticationFailedException",Get Project List -Prod 1-42,text,false,,181,0,21,21,null,0,0,0
2023/05/19 11:10:01,1229,SMTP Sampler,500,"AuthenticationFailedException: authentication failed - wrong username / password!
javax.mail.AuthenticationFailedException",Get Project List -Prod 1-41,text,false,,179,0,22,22,null,0,0,0
2023/05/19 11:10:00,1880,SMTP Sampler,500,"AuthenticationFailedException: authentication failed - wrong username / password!
javax.mail.AuthenticationFailedException",Get Project List -Prod 1-47,text,false,,179,0,22,22,null,0,0,0
2023/05/19 11:10:01,1235,SMTP Sampler,500,"AuthenticationFailedException: authentication failed - wrong username / password!
javax.mail.AuthenticationFailedException",Get Project List -Prod 1-40,text,false,,183,0,23,23,null,0,0,0
2023/05/19 11:10:01,1269,SMTP Sampler,500,"AuthenticationFailedException: authentication failed - wrong username / password!
javax.mail.AuthenticationFailedException",Get Project List -Prod 1-38,text,false,,181,0,25,25,null,0,0,0
2023/05/19 11:10:01,1388,SMTP Sampler,500,"AuthenticationFailedException: authentication failed - wrong username / password!
javax.mail.AuthenticationFailedException",Get Project List -Prod 1-39,text,false,,181,0,25,25,null,0,0,0
2023/05/19 11:10:01,1237,SMTP Sampler,500,"AuthenticationFailedException: authentication failed - wrong username / password!
javax.mail.AuthenticationFailedException",Get Project List -Prod 1-37,text,false,,183,0,26,26,null,0,0,0
2023/05/19 11:10:01,1235,SMTP Sampler,500,"AuthenticationFailedException: authentication failed - wrong username / password!
javax.mail.AuthenticationFailedException",Get Project List -Prod 1-36,text,false,,181,0,27,27,null,0,0,0
2023/05/19 11:10:02,1243,SMTP Sampler,500,"AuthenticationFailedException: authentication failed - wrong username / password!
javax.mail.AuthenticationFailedException",Get Project List -Prod 1-48,text,false,,183,0,29,29,null,0,0,0
2023/05/19 11:10:02,1248,SMTP Sampler,500,"AuthenticationFailedException: authentication failed - wrong username / password!
javax.mail.AuthenticationFailedException",Get Project List -Prod 1-50,text,false,,183,0,29,29,null,0,0,0
2023/05/19 11:10:02,1278,SMTP Sampler,500,"AuthenticationFailedException: authentication failed - wrong username / password!
javax.mail.AuthenticationFailedException",Get Project List -Prod 1-49,text,false,,183,0,29,29,null,0,0,0
2023/05/19 11:10:02,1253,SMTP Sampler,500,"AuthenticationFailedException: authentication failed - wrong username / password!
javax.mail.AuthenticationFailedException",Get Project List -Prod 1-46,text,false,,181,0,30,30,null,0,0,0
2023/05/19 11:10:02,1250,SMTP Sampler,500,"AuthenticationFailedException: authentication failed - wrong username / password!
javax.mail.AuthenticationFailedException",Get Project List -Prod 1-33,text,false,,183,0,30,30,null,0,0,0
2023/05/19 11:10:02,1244,SMTP Sampler,500,"AuthenticationFailedException: authentication failed - wrong username / password!
javax.mail.AuthenticationFailedException",Get Project List -Prod 1-45,text,false,,183,0,30,30,null,0,0,0
2023/05/19 11:10:02,1239,SMTP Sampler,500,"AuthenticationFailedException: authentication failed - wrong username / password!
javax.mail.AuthenticationFailedException",Get Project List -Prod 1-32,text,false,,181,0,31,31,null,0,0,0
2023/05/19 11:10:02,1238,SMTP Sampler,500,"AuthenticationFailedException: authentication failed - wrong username / password!
javax.mail.AuthenticationFailedException",Get Project List -Prod 1-44,text,false,,183,0,31,31,null,0,0,0
2023/05/19 11:10:02,1240,SMTP Sampler,500,"AuthenticationFailedException: authentication failed - wrong username / password!
javax.mail.AuthenticationFailedException",Get Project List -Prod 1-30,text,false,,183,0,33,33,null,0,0,0
2023/05/19 11:10:02,1323,SMTP Sampler,500,"AuthenticationFailedException: authentication failed - wrong username / password!
javax.mail.AuthenticationFailedException",Get Project List -Prod 1-43,text,false,,183,0,33,33,null,0,0,0
2023/05/19 11:10:02,1232,SMTP Sampler,500,"AuthenticationFailedException: authentication failed - wrong username / password!
javax.mail.AuthenticationFailedException",Get Project List -Prod 1-42,text,false,,183,0,33,33,null,0,0,0
2023/05/19 11:10:02,1233,SMTP Sampler,500,"AuthenticationFailedException: authentication failed - wrong username / password!
javax.mail.AuthenticationFailedException",Get Project List -Prod 1-29,text,false,,181,0,34,34,null,0,0,0
2023/05/19 11:10:02,1276,SMTP Sampler,500,"AuthenticationFailedException: authentication failed - wrong username / password!
javax.mail.AuthenticationFailedException",Get Project List -Prod 1-41,text,false,,181,0,35,35,null,0,0,0
2023/05/19 11:10:02,1232,SMTP Sampler,500,"AuthenticationFailedException: authentication failed - wrong username / password!
javax.mail.AuthenticationFailedException",Get Project List -Prod 1-28,text,false,,183,0,35,35,null,0,0,0
2023/05/19 11:10:02,1250,SMTP Sampler,500,"AuthenticationFailedException: authentication failed - wrong username / password!
javax.mail.AuthenticationFailedException",Get Project List -Prod 1-47,text,false,,183,0,35,35,null,0,0,0
2023/05/19 11:10:01,2008,SMTP Sampler,500,"AuthenticationFailedException: authentication failed - wrong username / password!
javax.mail.AuthenticationFailedException",Get Project List -Prod 1-35,text,false,,181,0,36,36,null,0,0,0
2023/05/19 11:10:02,1238,SMTP Sampler,500,"AuthenticationFailedException: authentication failed - wrong username / password!
javax.mail.AuthenticationFailedException",Get Project List -Prod 1-27,text,false,,181,0,36,36,null,0,0,0
2023/05/19 11:10:02,2238,SMTP Sampler,500,"AuthenticationFailedException: authentication failed - wrong username / password!
javax.mail.AuthenticationFailedException",Get Project List -Prod 1-34,text,false,,-1,0,38,38,null,0,0,0
2023/05/19 11:10:02,1346,SMTP Sampler,500,"AuthenticationFailedException: authentication failed - wrong username / password!
javax.mail.AuthenticationFailedException",Get Project List -Prod 1-25,text,false,,-1,0,37,37,null,0,0,0
2023/05/19 11:10:02,1453,SMTP Sampler,500,"AuthenticationFailedException: authentication failed - wrong username / password!
javax.mail.AuthenticationFailedException",Get Project List -Prod 1-26,text,false,,-1,0,36,36,null,0,0,0
2023/05/19 11:10:02,1378,SMTP Sampler,500,"AuthenticationFailedException: authentication failed - wrong username / password!
javax.mail.AuthenticationFailedException",Get Project List -Prod 1-38,text,false,,-1,0,35,35,null,0,0,0
2023/05/19 11:10:02,1368,SMTP Sampler,500,"AuthenticationFailedException: authentication failed - wrong username / password!
javax.mail.AuthenticationFailedException",Get Project List -Prod 1-39,text,false,,-1,0,34,34,null,0,0,0
2023/05/19 11:10:03,1242,SMTP Sampler,500,"AuthenticationFailedException: authentication failed - wrong username / password!
javax.mail.AuthenticationFailedException",Get Project List -Prod 1-36,text,false,,-1,0,33,33,null,0,0,0
2023/05/19 11:10:02,2004,SMTP Sampler,500,"AuthenticationFailedException: authentication failed - wrong username / password!
javax.mail.AuthenticationFailedException",Get Project List -Prod 1-31,text,false,,-1,0,32,32,null,0,0,0
2023/05/19 11:10:03,1281,SMTP Sampler,500,"AuthenticationFailedException: authentication failed - wrong username / password!
javax.mail.AuthenticationFailedException",Get Project List -Prod 1-23,text,false,,-1,0,31,31,null,0,0,0
2023/05/19 11:10:03,1224,SMTP Sampler,500,"AuthenticationFailedException: authentication failed - wrong username / password!
javax.mail.AuthenticationFailedException",Get Project List -Prod 1-22,text,false,,-1,0,30,30,null,0,0,0
2023/05/19 11:10:03,1274,SMTP Sampler,500,"AuthenticationFailedException: authentication failed - wrong username / password!
javax.mail.AuthenticationFailedException",Get Project List -Prod 1-48,text,false,,-1,0,29,29,null,0,0,0
2023/05/19 11:10:03,1242,SMTP Sampler,500,"AuthenticationFailedException: authentication failed - wrong username / password!
javax.mail.AuthenticationFailedException",Get Project List -Prod 1-49,text,false,,-1,0,28,28,null,0,0,0
2023/05/19 11:10:03,1241,SMTP Sampler,500,"AuthenticationFailedException: authentication failed - wrong username / password!
javax.mail.AuthenticationFailedException",Get Project List -Prod 1-21,text,false,,-1,0,27,27,null,0,0,0
2023/05/19 11:10:03,1256,SMTP Sampler,500,"AuthenticationFailedException: authentication failed - wrong username / password!
javax.mail.AuthenticationFailedException",Get Project List -Prod 1-46,text,false,,-1,0,26,26,null,0,0,0
2023/05/19 11:10:03,1230,SMTP Sampler,500,"AuthenticationFailedException: authentication failed - wrong username / password!
javax.mail.AuthenticationFailedException",Get Project List -Prod 1-45,text,false,,-1,0,25,25,null,0,0,0
2023/05/19 11:10:02,1997,SMTP Sampler,500,"AuthenticationFailedException: authentication failed - wrong username / password!
javax.mail.AuthenticationFailedException",Get Project List -Prod 1-40,text,false,,-1,0,24,24,null,0,0,0
2023/05/19 11:10:03,1279,SMTP Sampler,500,"AuthenticationFailedException: authentication failed - wrong username / password!
javax.mail.AuthenticationFailedException",Get Project List -Prod 1-20,text,false,,-1,0,23,23,null,0,0,0
2023/05/19 11:10:03,1244,SMTP Sampler,500,"AuthenticationFailedException: authentication failed - wrong username / password!
javax.mail.AuthenticationFailedException",Get Project List -Prod 1-44,text,false,,-1,0,22,22,null,0,0,0
2023/05/19 11:10:02,1836,SMTP Sampler,500,"AuthenticationFailedException: authentication failed - wrong username / password!
javax.mail.AuthenticationFailedException",Get Project List -Prod 1-37,text,false,,-1,0,21,21,null,0,0,0
2023/05/19 11:10:03,1238,SMTP Sampler,500,"AuthenticationFailedException: authentication failed - wrong username / password!
javax.mail.AuthenticationFailedException",Get Project List -Prod 1-18,text,false,,-1,0,20,20,null,0,0,0
2023/05/19 11:10:03,1861,SMTP Sampler,500,"AuthenticationFailedException: authentication failed - wrong username / password!
javax.mail.AuthenticationFailedException",Get Project List -Prod 1-24,text,false,,-1,0,19,19,null,0,0,0
2023/05/19 11:10:03,1242,SMTP Sampler,500,"AuthenticationFailedException: authentication failed - wrong username / password!
javax.mail.AuthenticationFailedException",Get Project List -Prod 1-30,text,false,,-1,0,18,18,null,0,0,0
2023/05/19 11:10:03,1240,SMTP Sampler,500,"AuthenticationFailedException: authentication failed - wrong username / password!
javax.mail.AuthenticationFailedException",Get Project List -Prod 1-43,text,false,,-1,0,17,17,null,0,0,0
2023/05/19 11:10:03,1267,SMTP Sampler,500,"AuthenticationFailedException: authentication failed - wrong username / password!
javax.mail.AuthenticationFailedException",Get Project List -Prod 1-17,text,false,,-1,0,16,16,null,0,0,0
2023/05/19 11:10:03,1232,SMTP Sampler,500,"AuthenticationFailedException: authentication failed - wrong username / password!
javax.mail.AuthenticationFailedException",Get Project List -Prod 1-29,text,false,,-1,0,15,15,null,0,0,0
2023/05/19 11:10:03,1558,SMTP Sampler,500,"AuthenticationFailedException: authentication failed - wrong username / password!
javax.mail.AuthenticationFailedException",Get Project List -Prod 1-32,text,false,,-1,0,14,14,null,0,0,0
2023/05/19 11:10:03,1229,SMTP Sampler,500,"AuthenticationFailedException: authentication failed - wrong username / password!
javax.mail.AuthenticationFailedException",Get Project List -Prod 1-47,text,false,,-1,0,13,13,null,0,0,0
2023/05/19 11:10:03,1292,SMTP Sampler,500,"AuthenticationFailedException: authentication failed - wrong username / password!
javax.mail.AuthenticationFailedException",Get Project List -Prod 1-41,text,false,,-1,0,12,12,null,0,0,0
2023/05/19 11:10:03,1244,SMTP Sampler,500,"AuthenticationFailedException: authentication failed - wrong username / password!
javax.mail.AuthenticationFailedException",Get Project List -Prod 1-15,text,false,,-1,0,11,11,null,0,0,0
2023/05/19 11:10:03,1899,SMTP Sampler,500,"AuthenticationFailedException: authentication failed - wrong username / password!
javax.mail.AuthenticationFailedException",Get Project List -Prod 1-50,text,false,,-1,0,10,10,null,0,0,0
2023/05/19 11:10:03,1274,SMTP Sampler,500,"AuthenticationFailedException: authentication failed - wrong username / password!
javax.mail.AuthenticationFailedException",Get Project List -Prod 1-35,text,false,,-1,0,9,9,null,0,0,0
2023/05/19 11:10:03,1284,SMTP Sampler,500,"AuthenticationFailedException: authentication failed - wrong username / password!
javax.mail.AuthenticationFailedException",Get Project List -Prod 1-27,text,false,,-1,0,8,8,null,0,0,0
2023/05/19 11:10:04,1235,SMTP Sampler,500,"AuthenticationFailedException: authentication failed - wrong username / password!
javax.mail.AuthenticationFailedException",Get Project List -Prod 1-14,text,false,,-1,0,7,7,null,0,0,0
2023/05/19 11:10:04,1237,SMTP Sampler,500,"AuthenticationFailedException: authentication failed - wrong username / password!
javax.mail.AuthenticationFailedException",Get Project List -Prod 1-13,text,false,,-1,0,6,6,null,0,0,0
2023/05/19 11:10:03,1851,SMTP Sampler,500,"AuthenticationFailedException: authentication failed - wrong username / password!
javax.mail.AuthenticationFailedException",Get Project List -Prod 1-19,text,false,,-1,0,5,5,null,0,0,0
2023/05/19 11:10:03,2048,SMTP Sampler,500,"AuthenticationFailedException: authentication failed - wrong username / password!
javax.mail.AuthenticationFailedException",Get Project List -Prod 1-33,text,false,,-1,0,4,4,null,0,0,0
2023/05/19 11:10:03,2009,SMTP Sampler,500,"AuthenticationFailedException: authentication failed - wrong username / password!
javax.mail.AuthenticationFailedException",Get Project List -Prod 1-42,text,false,,-1,0,3,3,null,0,0,0
2023/05/19 11:10:03,1990,SMTP Sampler,500,"AuthenticationFailedException: authentication failed - wrong username / password!
javax.mail.AuthenticationFailedException",Get Project List -Prod 1-16,text,false,,-1,0,2,2,null,0,0,0
2023/05/19 11:10:03,2055,SMTP Sampler,500,"AuthenticationFailedException: authentication failed - wrong username / password!
javax.mail.AuthenticationFailedException",Get Project List -Prod 1-28,text,false,,-1,0,1,1,null,0,0,0
2023/05/19 11:21:41,1253,SMTP Sampler,500,"AuthenticationFailedException: authentication failed - wrong username / password!
javax.mail.AuthenticationFailedException",Get Project List -Prod 1-1,text,false,,183,0,1,1,null,0,0,0
2023/05/19 11:27:12,102,getProjectList,401,Unauthorized,Get Project List -Prod 1-50,text,false,,959,284,2,3,https://api.byjus.com/wfms-configuration-management/wfms/projectManagement/v1/projectDetailsList,101,0,42
2023/05/19 11:27:12,116,getProjectList,401,Unauthorized,Get Project List -Prod 1-49,text,false,,959,284,3,4,https://api.byjus.com/wfms-configuration-management/wfms/projectManagement/v1/projectDetailsList,116,0,17
2023/05/19 11:27:12,69,getProjectList,401,Unauthorized,Get Project List -Prod 1-50,text,false,,959,284,3,4,https://api.byjus.com/wfms-configuration-management/wfms/projectManagement/v1/projectDetailsList,69,0,12
2023/05/19 11:27:12,75,getProjectList,401,Unauthorized,Get Project List -Prod 1-48,text,false,,959,284,3,4,https://api.byjus.com/wfms-configuration-management/wfms/projectManagement/v1/projectDetailsList,75,0,13
2023/05/19 11:27:12,59,getProjectList,401,Unauthorized,Get Project List -Prod 1-49,text,false,,959,284,3,4,https://api.byjus.com/wfms-configuration-management/wfms/projectManagement/v1/projectDetailsList,59,0,12
2023/05/19 11:27:12,65,getProjectList,401,Unauthorized,Get Project List -Prod 1-50,text,false,,959,284,3,4,https://api.byjus.com/wfms-configuration-management/wfms/projectManagement/v1/projectDetailsList,65,0,12
2023/05/19 11:27:12,64,getProjectList,401,Unauthorized,Get Project List -Prod 1-49,text,false,,959,284,4,6,https://api.byjus.com/wfms-configuration-management/wfms/projectManagement/v1/projectDetailsList,64,0,16
2023/05/19 11:27:12,70,getProjectList,401,Unauthorized,Get Project List -Prod 1-48,text,false,,959,284,4,6,https://api.byjus.com/wfms-configuration-management/wfms/projectManagement/v1/projectDetailsList,70,0,12
2023/05/19 11:27:12,87,getProjectList,401,Unauthorized,Get Project List -Prod 1-50,text,false,,958,284,4,6,https://api.byjus.com/wfms-configuration-management/wfms/projectManagement/v1/projectDetailsList,87,0,16
2023/05/19 11:27:12,87,getProjectList,401,Unauthorized,Get Project List -Prod 1-47,text,false,,959,284,4,6,https://api.byjus.com/wfms-configuration-management/wfms/projectManagement/v1/projectDetailsList,87,0,13
2023/05/19 11:27:12,63,getProjectList,401,Unauthorized,Get Project List -Prod 1-49,text,false,,959,284,5,7,https://api.byjus.com/wfms-configuration-management/wfms/projectManagement/v1/projectDetailsList,63,0,22
2023/05/19 11:27:12,85,getProjectList,401,Unauthorized,Get Project List -Prod 1-48,text,false,,959,284,5,7,https://api.byjus.com/wfms-configuration-management/wfms/projectManagement/v1/projectDetailsList,85,0,41
2023/05/19 11:27:12,62,getProjectList,401,Unauthorized,Get Project List -Prod 1-50,text,false,,959,284,5,7,https://api.byjus.com/wfms-configuration-management/wfms/projectManagement/v1/projectDetailsList,62,0,20
2023/05/19 11:27:12,67,getProjectList,401,Unauthorized,Get Project List -Prod 1-47,text,false,,958,284,5,7,https://api.byjus.com/wfms-configuration-management/wfms/projectManagement/v1/projectDetailsList,67,0,12
2023/05/19 11:27:12,63,getProjectList,401,Unauthorized,Get Project List -Prod 1-46,text,false,,959,284,5,7,https://api.byjus.com/wfms-configuration-management/wfms/projectManagement/v1/projectDetailsList,63,0,11
2023/05/19 11:27:12,59,getProjectList,401,Unauthorized,Get Project List -Prod 1-49,text,false,,959,284,5,7,https://api.byjus.com/wfms-configuration-management/wfms/projectManagement/v1/projectDetailsList,59,0,12
2023/05/19 11:27:12,59,getProjectList,401,Unauthorized,Get Project List -Prod 1-48,text,false,,959,284,5,7,https://api.byjus.com/wfms-configuration-management/wfms/projectManagement/v1/projectDetailsList,59,0,11
2023/05/19 11:27:12,59,getProjectList,401,Unauthorized,Get Project List -Prod 1-50,text,false,,959,284,6,8,https://api.byjus.com/wfms-configuration-management/wfms/projectManagement/v1/projectDetailsList,59,0,12
2023/05/19 11:27:12,60,getProjectList,401,Unauthorized,Get Project List -Prod 1-46,text,false,,959,284,6,9,https://api.byjus.com/wfms-configuration-management/wfms/projectManagement/v1/projectDetailsList,60,0,13
2023/05/19 11:27:12,73,getProjectList,401,Unauthorized,Get Project List -Prod 1-47,text,false,,959,284,6,9,https://api.byjus.com/wfms-configuration-management/wfms/projectManagement/v1/projectDetailsList,73,0,32
2023/05/19 11:27:12,69,getProjectList,401,Unauthorized,Get Project List -Prod 1-49,text,false,,959,284,6,9,https://api.byjus.com/wfms-configuration-management/wfms/projectManagement/v1/projectDetailsList,69,0,11
2023/05/19 11:27:12,66,getProjectList,401,Unauthorized,Get Project List -Prod 1-48,text,false,,959,284,6,9,https://api.byjus.com/wfms-configuration-management/wfms/projectManagement/v1/projectDetailsList,66,0,12
2023/05/19 11:27:12,59,getProjectList,401,Unauthorized,Get Project List -Prod 1-45,text,false,,959,284,6,9,https://api.byjus.com/wfms-configuration-management/wfms/projectManagement/v1/projectDetailsList,59,0,16
2023/05/19 11:27:12,60,getProjectList,401,Unauthorized,Get Project List -Prod 1-50,text,false,,959,284,6,9,https://api.byjus.com/wfms-configuration-management/wfms/projectManagement/v1/projectDetailsList,60,0,14
2023/05/19 11:27:12,58,getProjectList,401,Unauthorized,Get Project List -Prod 1-46,text,false,,959,284,6,9,https://api.byjus.com/wfms-configuration-management/wfms/projectManagement/v1/projectDetailsList,58,0,12
2023/05/19 11:27:12,60,getProjectList,401,Unauthorized,Get Project List -Prod 1-47,text,false,,959,284,6,9,https://api.byjus.com/wfms-configuration-management/wfms/projectManagement/v1/projectDetailsList,60,0,16
2023/05/19 11:27:12,68,getProjectList,401,Unauthorized,Get Project List -Prod 1-49,text,false,,959,284,7,10,https://api.byjus.com/wfms-configuration-management/wfms/projectManagement/v1/projectDetailsList,68,0,13
2023/05/19 11:27:12,55,getProjectList,401,Unauthorized,Get Project List -Prod 1-48,text,false,,959,284,7,10,https://api.byjus.com/wfms-configuration-management/wfms/projectManagement/v1/projectDetailsList,55,0,14
2023/05/19 11:27:12,71,getProjectList,401,Unauthorized,Get Project List -Prod 1-50,text,false,,959,284,7,10,https://api.byjus.com/wfms-configuration-management/wfms/projectManagement/v1/projectDetailsList,71,0,20
2023/05/19 11:27:12,79,getProjectList,401,Unauthorized,Get Project List -Prod 1-45,text,false,,959,284,7,10,https://api.byjus.com/wfms-configuration-management/wfms/projectManagement/v1/projectDetailsList,79,0,20
2023/05/19 11:27:12,52,getProjectList,401,Unauthorized,Get Project List -Prod 1-47,text,false,,959,284,7,10,https://api.byjus.com/wfms-configuration-management/wfms/projectManagement/v1/projectDetailsList,51,0,14
2023/05/19 11:27:12,60,getProjectList,401,Unauthorized,Get Project List -Prod 1-46,text,false,,959,284,7,10,https://api.byjus.com/wfms-configuration-management/wfms/projectManagement/v1/projectDetailsList,60,0,13
2023/05/19 12:49:18,58,getProjectList,401,Unauthorized,Get Project List -Prod 1-50,text,false,,959,284,1,1,https://api.byjus.com/wfms-configuration-management/wfms/projectManagement/v1/projectDetailsList,58,0,19
2023/05/19 12:49:18,55,getProjectList,401,Unauthorized,Get Project List -Prod 1-49,text,false,,959,284,2,2,https://api.byjus.com/wfms-configuration-management/wfms/projectManagement/v1/projectDetailsList,55,0,13
2023/05/19 12:49:18,121,getProjectList,401,Unauthorized,Get Project List -Prod 1-50,text,false,,959,284,2,2,https://api.byjus.com/wfms-configuration-management/wfms/projectManagement/v1/projectDetailsList,117,0,9
2023/05/19 12:49:18,58,getProjectList,401,Unauthorized,Get Project List -Prod 1-49,text,false,,959,284,3,3,https://api.byjus.com/wfms-configuration-management/wfms/projectManagement/v1/projectDetailsList,58,0,8
2023/05/19 12:49:18,67,getProjectList,401,Unauthorized,Get Project List -Prod 1-50,text,false,,959,284,3,3,https://api.byjus.com/wfms-configuration-management/wfms/projectManagement/v1/projectDetailsList,67,0,12
2023/05/19 12:49:18,55,getProjectList,401,Unauthorized,Get Project List -Prod 1-49,text,false,,959,284,3,3,https://api.byjus.com/wfms-configuration-management/wfms/projectManagement/v1/projectDetailsList,55,0,9
2023/05/19 12:49:18,72,getProjectList,401,Unauthorized,Get Project List -Prod 1-48,text,false,,959,284,3,3,https://api.byjus.com/wfms-configuration-management/wfms/projectManagement/v1/projectDetailsList,72,0,8
2023/05/19 12:49:18,53,getProjectList,401,Unauthorized,Get Project List -Prod 1-50,text,false,,959,284,4,4,https://api.byjus.com/wfms-configuration-management/wfms/projectManagement/v1/projectDetailsList,53,0,11
2023/05/19 12:49:18,50,getProjectList,401,Unauthorized,Get Project List -Prod 1-49,text,false,,959,284,4,4,https://api.byjus.com/wfms-configuration-management/wfms/projectManagement/v1/projectDetailsList,50,0,10
2023/05/19 12:49:18,54,getProjectList,401,Unauthorized,Get Project List -Prod 1-47,text,false,,959,284,4,4,https://api.byjus.com/wfms-configuration-management/wfms/projectManagement/v1/projectDetailsList,54,0,13
2023/05/19 12:49:18,53,getProjectList,401,Unauthorized,Get Project List -Prod 1-49,text,false,,959,284,4,4,https://api.byjus.com/wfms-configuration-management/wfms/projectManagement/v1/projectDetailsList,53,0,9
2023/05/19 12:49:18,75,getProjectList,401,Unauthorized,Get Project List -Prod 1-50,text,false,,959,284,4,4,https://api.byjus.com/wfms-configuration-management/wfms/projectManagement/v1/projectDetailsList,75,0,12
2023/05/19 12:49:18,114,getProjectList,401,Unauthorized,Get Project List -Prod 1-48,text,false,,959,284,4,4,https://api.byjus.com/wfms-configuration-management/wfms/projectManagement/v1/projectDetailsList,114,0,10
2023/05/19 12:49:18,61,getProjectList,401,Unauthorized,Get Project List -Prod 1-47,text,false,,959,284,5,5,https://api.byjus.com/wfms-configuration-management/wfms/projectManagement/v1/projectDetailsList,61,0,16
2023/05/19 12:49:18,54,getProjectList,401,Unauthorized,Get Project List -Prod 1-49,text,false,,959,284,5,5,https://api.byjus.com/wfms-configuration-management/wfms/projectManagement/v1/projectDetailsList,54,0,11
2023/05/19 12:49:18,48,getProjectList,401,Unauthorized,Get Project List -Prod 1-48,text,false,,959,284,5,5,https://api.byjus.com/wfms-configuration-management/wfms/projectManagement/v1/projectDetailsList,48,0,9
2023/05/19 12:49:18,53,getProjectList,401,Unauthorized,Get Project List -Prod 1-46,text,false,,959,284,5,5,https://api.byjus.com/wfms-configuration-management/wfms/projectManagement/v1/projectDetailsList,53,0,12
2023/05/19 12:49:18,61,getProjectList,401,Unauthorized,Get Project List -Prod 1-47,text,false,,959,284,5,5,https://api.byjus.com/wfms-configuration-management/wfms/projectManagement/v1/projectDetailsList,61,0,16
2023/05/19 12:49:18,52,getProjectList,401,Unauthorized,Get Project List -Prod 1-49,text,false,,957,284,5,5,https://api.byjus.com/wfms-configuration-management/wfms/projectManagement/v1/projectDetailsList,52,0,11
2023/05/19 12:49:18,45,getProjectList,401,Unauthorized,Get Project List -Prod 1-48,text,false,,959,284,5,5,https://api.byjus.com/wfms-configuration-management/wfms/projectManagement/v1/projectDetailsList,45,0,8
2023/05/19 12:49:18,119,getProjectList,401,Unauthorized,Get Project List -Prod 1-50,text,false,,959,284,5,5,https://api.byjus.com/wfms-configuration-management/wfms/projectManagement/v1/projectDetailsList,119,0,11
2023/05/19 12:49:18,52,getProjectList,401,Unauthorized,Get Project List -Prod 1-46,text,false,,959,284,6,6,https://api.byjus.com/wfms-configuration-management/wfms/projectManagement/v1/projectDetailsList,52,0,10
2023/05/19 12:49:18,55,getProjectList,401,Unauthorized,Get Project List -Prod 1-47,text,false,,959,284,6,6,https://api.byjus.com/wfms-configuration-management/wfms/projectManagement/v1/projectDetailsList,55,0,17
2023/05/19 12:49:18,69,getProjectList,401,Unauthorized,Get Project List -Prod 1-49,text,false,,959,284,6,6,https://api.byjus.com/wfms-configuration-management/wfms/projectManagement/v1/projectDetailsList,69,0,11
2023/05/19 12:49:18,50,getProjectList,401,Unauthorized,Get Project List -Prod 1-45,text,false,,959,284,6,6,https://api.byjus.com/wfms-configuration-management/wfms/projectManagement/v1/projectDetailsList,50,0,11
2023/05/19 12:49:18,56,getProjectList,401,Unauthorized,Get Project List -Prod 1-50,text,false,,959,284,6,6,https://api.byjus.com/wfms-configuration-management/wfms/projectManagement/v1/projectDetailsList,56,0,10
2023/05/19 12:49:18,56,getProjectList,401,Unauthorized,Get Project List -Prod 1-47,text,false,,958,284,6,6,https://api.byjus.com/wfms-configuration-management/wfms/projectManagement/v1/projectDetailsList,56,0,15
2023/05/19 12:49:18,49,getProjectList,401,Unauthorized,Get Project List -Prod 1-45,text,false,,959,284,7,7,https://api.byjus.com/wfms-configuration-management/wfms/projectManagement/v1/projectDetailsList,49,0,10
2023/05/19 12:49:18,52,getProjectList,401,Unauthorized,Get Project List -Prod 1-49,text,false,,959,284,7,7,https://api.byjus.com/wfms-configuration-management/wfms/projectManagement/v1/projectDetailsList,52,0,10
2023/05/19 12:49:18,118,getProjectList,401,Unauthorized,Get Project List -Prod 1-48,text,false,,959,284,7,7,https://api.byjus.com/wfms-configuration-management/wfms/projectManagement/v1/projectDetailsList,118,0,11
2023/05/19 12:49:18,49,getProjectList,401,Unauthorized,Get Project List -Prod 1-50,text,false,,959,284,7,7,https://api.byjus.com/wfms-configuration-management/wfms/projectManagement/v1/projectDetailsList,49,0,10
2023/05/19 12:49:18,128,getProjectList,401,Unauthorized,Get Project List -Prod 1-46,text,false,,959,284,7,7,https://api.byjus.com/wfms-configuration-management/wfms/projectManagement/v1/projectDetailsList,128,0,12
2023/05/19 12:49:18,51,getProjectList,401,Unauthorized,Get Project List -Prod 1-47,text,false,,959,284,7,7,https://api.byjus.com/wfms-configuration-management/wfms/projectManagement/v1/projectDetailsList,51,0,10
2023/05/19 12:49:18,50,getProjectList,401,Unauthorized,Get Project List -Prod 1-50,text,false,,959,284,7,7,https://api.byjus.com/wfms-configuration-management/wfms/projectManagement/v1/projectDetailsList,50,0,9
2023/05/19 12:49:18,55,getProjectList,401,Unauthorized,Get Project List -Prod 1-48,text,false,,959,284,7,7,https://api.byjus.com/wfms-configuration-management/wfms/projectManagement/v1/projectDetailsList,55,0,11
2023/05/19 12:49:18,63,getProjectList,401,Unauthorized,Get Project List -Prod 1-44,text,false,,959,284,7,7,https://api.byjus.com/wfms-configuration-management/wfms/projectManagement/v1/projectDetailsList,63,0,9
2023/05/19 12:49:18,50,getProjectList,401,Unauthorized,Get Project List -Prod 1-46,text,false,,959,284,7,7,https://api.byjus.com/wfms-configuration-management/wfms/projectManagement/v1/projectDetailsList,50,0,9
2023/05/19 12:49:18,57,getProjectList,401,Unauthorized,Get Project List -Prod 1-47,text,false,,959,284,7,7,https://api.byjus.com/wfms-configuration-management/wfms/projectManagement/v1/projectDetailsList,57,0,11
2023/05/19 12:49:18,53,getProjectList,401,Unauthorized,Get Project List -Prod 1-48,text,false,,958,284,8,8,https://api.byjus.com/wfms-configuration-management/wfms/projectManagement/v1/projectDetailsList,53,0,12
2023/05/19 12:49:18,119,getProjectList,401,Unauthorized,Get Project List -Prod 1-45,text,false,,959,284,8,8,https://api.byjus.com/wfms-configuration-management/wfms/projectManagement/v1/projectDetailsList,119,0,12
2023/05/19 12:49:18,74,getProjectList,401,Unauthorized,Get Project List -Prod 1-50,text,false,,959,284,8,8,https://api.byjus.com/wfms-configuration-management/wfms/projectManagement/v1/projectDetailsList,51,0,10
2023/05/19 12:49:18,73,getProjectList,401,Unauthorized,Get Project List -Prod 1-44,text,false,,960,284,8,8,https://api.byjus.com/wfms-configuration-management/wfms/projectManagement/v1/projectDetailsList,73,0,11
2023/05/19 12:49:18,138,getProjectList,401,Unauthorized,Get Project List -Prod 1-49,text,false,,960,284,8,8,https://api.byjus.com/wfms-configuration-management/wfms/projectManagement/v1/projectDetailsList,138,0,10
2023/05/19 12:49:18,47,getProjectList,401,Unauthorized,Get Project List -Prod 1-47,text,false,,959,284,8,8,https://api.byjus.com/wfms-configuration-management/wfms/projectManagement/v1/projectDetailsList,47,0,9
2023/05/19 12:49:18,64,getProjectList,401,Unauthorized,Get Project List -Prod 1-46,text,false,,959,284,8,8,https://api.byjus.com/wfms-configuration-management/wfms/projectManagement/v1/projectDetailsList,64,0,12
2023/05/19 12:49:18,55,getProjectList,401,Unauthorized,Get Project List -Prod 1-43,text,false,,959,284,8,8,https://api.byjus.com/wfms-configuration-management/wfms/projectManagement/v1/projectDetailsList,55,0,11
2023/05/19 12:49:32,170,getProjectList,Non HTTP response code: java.net.SocketException,Non HTTP response message: Socket closed,Get Project List -Prod 1-44,text,false,,3115,0,50,50,https://api.byjus.com/wfms-configuration-management/wfms/projectManagement/v1/projectDetailsList,0,0,84
2023/05/19 12:49:33,116,getProjectList,Non HTTP response code: java.net.SocketException,Non HTTP response message: Socket closed,Get Project List -Prod 1-11,text,false,,3115,0,50,50,https://api.byjus.com/wfms-configuration-management/wfms/projectManagement/v1/projectDetailsList,0,0,84
2023/05/19 12:49:33,123,getProjectList,Non HTTP response code: java.net.SocketException,Non HTTP response message: Socket closed,Get Project List -Prod 1-47,text,false,,3115,0,48,48,https://api.byjus.com/wfms-configuration-management/wfms/projectManagement/v1/projectDetailsList,0,0,86
2023/05/19 12:49:32,505,getProjectList,Non HTTP response code: java.net.SocketException,Non HTTP response message: Socket operation on nonsocket: connect,Get Project List -Prod 1-17,text,false,,2665,0,47,47,https://api.byjus.com/wfms-configuration-management/wfms/projectManagement/v1/projectDetailsList,0,0,505
2023/05/19 12:49:32,1136,getProjectList,Non HTTP response code: java.net.SocketException,Non HTTP response message: Socket closed,Get Project List -Prod 1-35,text,false,,3115,0,46,46,https://api.byjus.com/wfms-configuration-management/wfms/projectManagement/v1/projectDetailsList,0,0,1093
2023/05/19 12:49:32,160,getProjectList,Non HTTP response code: java.net.SocketException,Non HTTP response message: Socket closed,Get Project List -Prod 1-45,text,false,,3115,0,45,45,https://api.byjus.com/wfms-configuration-management/wfms/projectManagement/v1/projectDetailsList,0,0,75
2023/05/19 12:49:33,64,getProjectList,Non HTTP response code: java.net.SocketException,Non HTTP response message: Socket closed,Get Project List -Prod 1-25,text,false,,3115,0,44,44,https://api.byjus.com/wfms-configuration-management/wfms/projectManagement/v1/projectDetailsList,0,0,58
2023/05/19 12:49:32,202,getProjectList,Non HTTP response code: java.net.SocketException,Non HTTP response message: Socket closed,Get Project List -Prod 1-42,text,false,,3115,0,43,43,https://api.byjus.com/wfms-configuration-management/wfms/projectManagement/v1/projectDetailsList,0,0,85
2023/05/19 12:49:33,154,getProjectList,Non HTTP response code: java.net.SocketException,Non HTTP response message: Socket closed,Get Project List -Prod 1-34,text,false,,3115,0,42,42,https://api.byjus.com/wfms-configuration-management/wfms/projectManagement/v1/projectDetailsList,0,0,82
2023/05/19 12:49:33,140,getProjectList,Non HTTP response code: java.net.SocketException,Non HTTP response message: Socket closed,Get Project List -Prod 1-29,text,false,,3115,0,41,41,https://api.byjus.com/wfms-configuration-management/wfms/projectManagement/v1/projectDetailsList,0,0,85
2023/05/19 12:49:32,191,getProjectList,Non HTTP response code: java.net.SocketException,Non HTTP response message: Socket closed,Get Project List -Prod 1-31,text,false,,3115,0,40,40,https://api.byjus.com/wfms-configuration-management/wfms/projectManagement/v1/projectDetailsList,0,0,83
2023/05/19 12:49:33,170,getProjectList,Non HTTP response code: java.net.SocketException,Non HTTP response message: Socket closed,Get Project List -Prod 1-1,text,false,,3115,0,39,39,https://api.byjus.com/wfms-configuration-management/wfms/projectManagement/v1/projectDetailsList,0,0,78
2023/05/19 12:49:32,206,getProjectList,Non HTTP response code: java.net.SocketException,Non HTTP response message: Socket closed,Get Project List -Prod 1-5,text,false,,3115,0,38,38,https://api.byjus.com/wfms-configuration-management/wfms/projectManagement/v1/projectDetailsList,0,0,83
2023/05/19 12:49:33,154,getProjectList,Non HTTP response code: java.net.SocketException,Non HTTP response message: Socket closed,Get Project List -Prod 1-15,text,false,,3115,0,37,37,https://api.byjus.com/wfms-configuration-management/wfms/projectManagement/v1/projectDetailsList,0,0,89
2023/05/19 12:49:32,817,getProjectList,Non HTTP response code: java.net.SocketException,Non HTTP response message: Socket operation on nonsocket: connect,Get Project List -Prod 1-16,text,false,,2665,0,37,37,https://api.byjus.com/wfms-configuration-management/wfms/projectManagement/v1/projectDetailsList,0,0,816
2023/05/19 12:49:33,47,getProjectList,Non HTTP response code: java.net.SocketException,Non HTTP response message: Socket closed,Get Project List -Prod 1-40,text,false,,3115,0,35,35,https://api.byjus.com/wfms-configuration-management/wfms/projectManagement/v1/projectDetailsList,0,0,39
2023/05/19 12:49:32,879,getProjectList,Non HTTP response code: java.net.SocketException,Non HTTP response message: Socket operation on nonsocket: connect,Get Project List -Prod 1-13,text,false,,2665,0,34,34,https://api.byjus.com/wfms-configuration-management/wfms/projectManagement/v1/projectDetailsList,0,0,879
2023/05/19 12:49:32,303,getProjectList,Non HTTP response code: java.net.SocketException,Non HTTP response message: Socket closed,Get Project List -Prod 1-19,text,false,,2470,0,33,33,https://api.byjus.com/wfms-configuration-management/wfms/projectManagement/v1/projectDetailsList,243,0,80
2023/05/19 12:49:32,247,getProjectList,Non HTTP response code: java.net.SocketException,Non HTTP response message: Socket closed,Get Project List -Prod 1-37,text,false,,3355,0,32,32,https://api.byjus.com/wfms-configuration-management/wfms/projectManagement/v1/projectDetailsList,0,0,81
2023/05/19 12:49:32,223,getProjectList,Non HTTP response code: java.net.SocketException,Non HTTP response message: Socket closed,Get Project List -Prod 1-4,text,false,,3115,0,31,31,https://api.byjus.com/wfms-configuration-management/wfms/projectManagement/v1/projectDetailsList,0,0,83
2023/05/19 12:49:33,180,getProjectList,Non HTTP response code: java.net.SocketException,Non HTTP response message: Socket closed,Get Project List -Prod 1-48,text,false,,3115,0,30,30,https://api.byjus.com/wfms-configuration-management/wfms/projectManagement/v1/projectDetailsList,0,0,77
2023/05/19 12:49:30,2248,getProjectList,Non HTTP response code: java.net.SocketException,Non HTTP response message: Socket closed,Get Project List -Prod 1-38,text,false,,3115,0,29,29,https://api.byjus.com/wfms-configuration-management/wfms/projectManagement/v1/projectDetailsList,0,0,2164
2023/05/19 12:49:33,155,getProjectList,Non HTTP response code: java.net.SocketException,Non HTTP response message: Socket closed,Get Project List -Prod 1-36,text,false,,3115,0,28,28,https://api.byjus.com/wfms-configuration-management/wfms/projectManagement/v1/projectDetailsList,0,0,80
2023/05/19 12:49:33,95,getProjectList,Non HTTP response code: java.net.SocketException,Non HTTP response message: Socket closed,Get Project List -Prod 1-32,text,false,,3115,0,27,27,https://api.byjus.com/wfms-configuration-management/wfms/projectManagement/v1/projectDetailsList,0,0,56
2023/05/19 12:49:32,888,getProjectList,Non HTTP response code: java.net.SocketException,Non HTTP response message: Socket operation on nonsocket: connect,Get Project List -Prod 1-12,text,false,,2665,0,26,26,https://api.byjus.com/wfms-configuration-management/wfms/projectManagement/v1/projectDetailsList,0,0,888
2023/05/19 12:49:33,105,getProjectList,Non HTTP response code: java.net.SocketException,Non HTTP response message: Socket closed,Get Project List -Prod 1-41,text,false,,3115,0,25,25,https://api.byjus.com/wfms-configuration-management/wfms/projectManagement/v1/projectDetailsList,0,0,59
2023/05/19 12:49:32,644,getProjectList,Non HTTP response code: java.net.SocketException,Non HTTP response message: Socket operation on nonsocket: connect,Get Project List -Prod 1-14,text,false,,2665,0,25,25,https://api.byjus.com/wfms-configuration-management/wfms/projectManagement/v1/projectDetailsList,0,0,644
2023/05/19 12:49:32,416,getProjectList,Non HTTP response code: java.net.SocketException,Non HTTP response message: Socket operation on nonsocket: connect,Get Project List -Prod 1-39,text,false,,2665,0,23,23,https://api.byjus.com/wfms-configuration-management/wfms/projectManagement/v1/projectDetailsList,0,0,416
2023/05/19 12:49:33,37,getProjectList,Non HTTP response code: java.net.SocketException,Non HTTP response message: Socket closed,Get Project List -Prod 1-9,text,false,,3115,0,22,22,https://api.byjus.com/wfms-configuration-management/wfms/projectManagement/v1/projectDetailsList,0,0,24
2023/05/19 12:49:32,229,getProjectList,Non HTTP response code: java.net.SocketException,Non HTTP response message: Socket closed,Get Project List -Prod 1-8,text,false,,3115,0,21,21,https://api.byjus.com/wfms-configuration-management/wfms/projectManagement/v1/projectDetailsList,0,0,82
2023/05/19 12:49:33,198,getProjectList,Non HTTP response code: java.net.SocketException,Non HTTP response message: Socket closed,Get Project List -Prod 1-22,text,false,,3115,0,21,21,https://api.byjus.com/wfms-configuration-management/wfms/projectManagement/v1/projectDetailsList,0,0,72
2023/05/19 12:49:32,217,getProjectList,Non HTTP response code: java.net.SocketException,Non HTTP response message: Socket closed,Get Project List -Prod 1-30,text,false,,3115,0,19,19,https://api.byjus.com/wfms-configuration-management/wfms/projectManagement/v1/projectDetailsList,0,0,81
2023/05/19 12:49:32,994,getProjectList,Non HTTP response code: java.net.SocketException,Non HTTP response message: Socket operation on nonsocket: connect,Get Project List -Prod 1-21,text,false,,2665,0,18,18,https://api.byjus.com/wfms-configuration-management/wfms/projectManagement/v1/projectDetailsList,0,0,994
2023/05/19 12:49:33,35,getProjectList,Non HTTP response code: java.net.SocketException,Non HTTP response message: Socket closed,Get Project List -Prod 1-3,text,false,,3115,0,17,17,https://api.byjus.com/wfms-configuration-management/wfms/projectManagement/v1/projectDetailsList,0,0,19
2023/05/19 12:49:32,978,getProjectList,Non HTTP response code: java.net.SocketException,Non HTTP response message: Socket operation on nonsocket: connect,Get Project List -Prod 1-23,text,false,,2665,0,16,16,https://api.byjus.com/wfms-configuration-management/wfms/projectManagement/v1/projectDetailsList,0,0,978
2023/05/19 12:49:33,73,getProjectList,Non HTTP response code: java.net.SocketException,Non HTTP response message: Socket closed,Get Project List -Prod 1-50,text,false,,3115,0,15,15,https://api.byjus.com/wfms-configuration-management/wfms/projectManagement/v1/projectDetailsList,0,0,39
2023/05/19 12:49:32,564,getProjectList,Non HTTP response code: java.net.SocketException,Non HTTP response message: Socket operation on nonsocket: connect,Get Project List -Prod 1-33,text,false,,2665,0,14,14,https://api.byjus.com/wfms-configuration-management/wfms/projectManagement/v1/projectDetailsList,0,0,564
2023/05/19 12:49:33,21,getProjectList,Non HTTP response code: java.net.SocketException,Non HTTP response message: Socket closed,Get Project List -Prod 1-7,text,false,,3115,0,13,13,https://api.byjus.com/wfms-configuration-management/wfms/projectManagement/v1/projectDetailsList,0,0,15
2023/05/19 12:49:33,90,getProjectList,Non HTTP response code: java.net.SocketException,Non HTTP response message: Socket closed,Get Project List -Prod 1-20,text,false,,3115,0,12,12,https://api.byjus.com/wfms-configuration-management/wfms/projectManagement/v1/projectDetailsList,0,0,42
2023/05/19 12:49:33,184,getProjectList,Non HTTP response code: java.net.SocketException,Non HTTP response message: Socket operation on nonsocket: connect,Get Project List -Prod 1-26,text,false,,2665,0,11,11,https://api.byjus.com/wfms-configuration-management/wfms/projectManagement/v1/projectDetailsList,0,0,184
2023/05/19 12:49:33,115,getProjectList,Non HTTP response code: java.net.SocketException,Non HTTP response message: Socket closed,Get Project List -Prod 1-10,text,false,,3115,0,10,10,https://api.byjus.com/wfms-configuration-management/wfms/projectManagement/v1/projectDetailsList,0,0,64
2023/05/19 12:49:32,495,getProjectList,Non HTTP response code: java.net.SocketException,Non HTTP response message: Socket operation on nonsocket: connect,Get Project List -Prod 1-46,text,false,,2665,0,10,10,https://api.byjus.com/wfms-configuration-management/wfms/projectManagement/v1/projectDetailsList,0,0,495
2023/05/19 12:49:32,443,getProjectList,Non HTTP response code: java.net.SocketException,Non HTTP response message: Socket operation on nonsocket: connect,Get Project List -Prod 1-24,text,false,,2665,0,8,8,https://api.byjus.com/wfms-configuration-management/wfms/projectManagement/v1/projectDetailsList,0,0,443
2023/05/19 12:49:33,129,getProjectList,Non HTTP response code: java.net.SocketException,Non HTTP response message: Socket closed,Get Project List -Prod 1-6,text,false,,3115,0,8,8,https://api.byjus.com/wfms-configuration-management/wfms/projectManagement/v1/projectDetailsList,0,0,57
2023/05/19 12:49:33,130,getProjectList,Non HTTP response code: java.net.SocketException,Non HTTP response message: Socket closed,Get Project List -Prod 1-2,text,false,,3115,0,6,6,https://api.byjus.com/wfms-configuration-management/wfms/projectManagement/v1/projectDetailsList,0,0,61
2023/05/19 12:49:32,291,getProjectList,Non HTTP response code: java.net.SocketException,Non HTTP response message: Socket closed,Get Project List -Prod 1-49,text,false,,3115,0,5,5,https://api.byjus.com/wfms-configuration-management/wfms/projectManagement/v1/projectDetailsList,0,0,77
2023/05/19 12:49:33,89,getProjectList,Non HTTP response code: java.net.SocketException,Non HTTP response message: Socket closed,Get Project List -Prod 1-43,text,false,,3115,0,4,4,https://api.byjus.com/wfms-configuration-management/wfms/projectManagement/v1/projectDetailsList,0,0,42
2023/05/19 12:49:32,246,getProjectList,Non HTTP response code: java.net.SocketException,Non HTTP response message: Socket closed,Get Project List -Prod 1-18,text,false,,3115,0,3,3,https://api.byjus.com/wfms-configuration-management/wfms/projectManagement/v1/projectDetailsList,0,0,83
2023/05/19 12:49:33,213,getProjectList,Non HTTP response code: java.net.SocketException,Non HTTP response message: Socket closed,Get Project List -Prod 1-28,text,false,,3115,0,2,2,https://api.byjus.com/wfms-configuration-management/wfms/projectManagement/v1/projectDetailsList,0,0,75
2023/05/19 12:49:31,1712,getProjectList,Non HTTP response code: java.net.SocketException,Non HTTP response message: Socket closed,Get Project List -Prod 1-27,text,false,,3115,0,1,1,https://api.byjus.com/wfms-configuration-management/wfms/projectManagement/v1/projectDetailsList,0,0,1586
