<?xml version="1.0" encoding="UTF-8"?>
<!DOCTYPE suite SYSTEM "https://testng.org/testng-1.0.dtd">
<suite name="Suite">
		<listeners>
		<!--<listener class-name="Analyzer.MyTransformer" />-->
		<listener class-name="testCases.Listeners" />
	</listeners>
	<test thread-count="5" name="Test">
		<classes>
			<!-- <class name="UI_TestCases.Test_UI_Requestor" />
			<class name="UI_TestCases.Test_UI_Agent" /> -->
			<class name="UI_TestCases.Test_UI_Supervisor" />
			<!-- <class name="UI_TestCases.Test_UI_Admin" /> -->
		</classes>
	</test> <!-- Test -->
</suite> <!-- Suite -->
