<?xml version="1.0" encoding="UTF-8"?>
<!DOCTYPE suite SYSTEM "https://testng.org/testng-1.0.dtd">
<suite name="Suite">
	<!--parallel="methods" thread-count="2"! -->
	<listeners>
		<!--<listener class-name="Analyzer.MyTransformer" />-->
		<listener class-name="testCases.Listeners" />
	</listeners>
	<test name="requester">
		<parameter name="sessionToken" value="13da06e7d4d8114d4792d9dd696d841dc559dbb5f0cf6480774e62cf64896d0c"></parameter>
		<parameter name="role" value="requester"></parameter>
		<parameter name="projectId" value="2"></parameter>
		<groups>
			<run>
				<include name="api" />
				<include name="attachmentController" />
				<include name="bulkViewOfTickets" />
				<include name="channelController" />
				<include name="ConfigurationManagement" />
				<include name="ConversationManagement" />
				<include name="gatewayIDService" />
				<include name="ticketController" />
				<include name="GroupManagement" />
				<include name="MailBox" />
				<include name="projectManagement" />
				<include name="ProjectRoleController" />
				<include name="searchService" />
				<include name="SLA" />
				<include name="ticketController" />
				<include name="TimeLine" />
				<include name="userManagement" />
			</run>
		</groups>
		<classes>
			 <class name="testCases.Test_SearchService" />
			<class name="testCases.Test_AttachmentController" />
			<class name="testCases.Test_ChannelController" />
			<class name="testCases.Test_ProjectManagement" />
			<class name="testCases.Test_UserManagement" /> 
			<class name="testCases.Test_BulkViewOfTickets" />
			 <class name="testCases.Test_ProjectRoleController" />
			<class name="testCases.Test_GatewayIDService" />
			<class name="testCases.Test_MailBox" />
			<class name="testCases.Test_SLA" />
			<class name="testCases.Test_TimeLine" />
			<class name="testCases.Test_ConfigurationManagement" />
			<class name="testCases.Test_ConversationController" />
			<class name="testCases.Test_GroupManagement" />
			<class name="testCases.Test_TicketController" />
		</classes>
	</test>
	<test name="ProjectAdmin">
		<parameter name="sessionToken" value="e4ef0d8e2af80c367e358ebda8087697adb68984d26b1f742ae5b2841a0f2a34"></parameter>
		<parameter name="role" value="projectAdmin"></parameter>
		<parameter name="projectId" value="2"></parameter>
		<groups>
			<run>
				<include name="api" />
				<include name="attachmentController" />
				<include name="bulkViewOfTickets" />
				<include name="channelController" />
				<include name="ConfigurationManagement" />
				<include name="ConversationManagement" />
				<include name="gatewayIDService" />
				<include name="ticketController" />
				<include name="GroupManagement" />
				<include name="MailBox" />
				<include name="projectManagement" />
				<include name="ProjectRoleController" />
				<include name="searchService" />
				<include name="SLA" />
				<include name="ticketController" />
				<include name="TimeLine" />
				<include name="userManagement" />
			</run>
		</groups>
		<classes>
			 <class name="testCases.Test_SearchService" />
			<class name="testCases.Test_AttachmentController" />
			<class name="testCases.Test_ChannelController" />
			<class name="testCases.Test_ProjectManagement" />
			<class name="testCases.Test_UserManagement" /> 
			<class name="testCases.Test_BulkViewOfTickets" />
			 <class name="testCases.Test_ProjectRoleController" />
			<class name="testCases.Test_GatewayIDService" />
			<class name="testCases.Test_MailBox" />
			<class name="testCases.Test_SLA" />
			<class name="testCases.Test_TimeLine" />
			<class name="testCases.Test_ConfigurationManagement" />
			<class name="testCases.Test_ConversationController" />
			<class name="testCases.Test_GroupManagement" />
			<class name="testCases.Test_TicketController" /> 
		</classes>
	</test>
	<test name="agent">
		<parameter name="sessionToken" value="87001aa2bacf722c5f4d7c6fd0fc943d6cf7116e465d40c6aa2b8160e09bb4de"></parameter>
		<parameter name="role" value="agent"></parameter>
		<parameter name="projectId" value="2"></parameter>
		<groups>
			<run>
				<include name="api" />
				<include name="attachmentController" />
				<include name="bulkViewOfTickets" />
				<include name="channelController" />
				<include name="ConfigurationManagement" />
				<include name="ConversationManagement" />
				<include name="gatewayIDService" />
				<include name="ticketController" />
				<include name="GroupManagement" />
				<include name="MailBox" />
				<include name="projectManagement" />
				<include name="ProjectRoleController" />
				<include name="searchService" />
				<include name="SLA" />
				<include name="TimeLine" />
				<include name="userManagement" />
				<include name="ticketController" />
			</run>
		</groups>
		<classes>
			 <class name="testCases.Test_SearchService" />
			<class name="testCases.Test_AttachmentController" />
			<class name="testCases.Test_ChannelController" />
			<class name="testCases.Test_ProjectManagement" />
			<class name="testCases.Test_UserManagement" /> 
			<class name="testCases.Test_BulkViewOfTickets" />
			 <class name="testCases.Test_ProjectRoleController" />
			<class name="testCases.Test_GatewayIDService" />
			<class name="testCases.Test_MailBox" />
			<class name="testCases.Test_SLA" />
			<class name="testCases.Test_TimeLine" />
			<class name="testCases.Test_ConfigurationManagement" />
			<class name="testCases.Test_ConversationController" />
			<class name="testCases.Test_GroupManagement" />
			<class name="testCases.Test_TicketController" />
		</classes>
	</test>
	<test name="supervisor">
		<parameter name="sessionToken" value="3e7ea09dd0dfbb9d899efec8108245bfb1c4cae2f0d832a1bdf064d3f68e8109"></parameter>
		<parameter name="role" value="supervisor"></parameter>
		<parameter name="projectId" value="2"></parameter>
		<groups>
			<run>
				<include name="api" />
				<include name="attachmentController" />
				<include name="bulkViewOfTickets" />
				<include name="channelController" />
				<include name="ConfigurationManagement" />
				<include name="ConversationManagement" />
				<include name="gatewayIDService" />
				<include name="ticketController" />
				<include name="GroupManagement" />
				<include name="MailBox" />
				<include name="projectManagement" />
				<include name="ProjectRoleController" />
				<include name="searchService" />
				<include name="SLA" />
				<include name="TimeLine" />
				<include name="userManagement" />
				<include name="ticketController" />
			</run>
		</groups>
		<classes>
			 <class name="testCases.Test_SearchService" />
			<class name="testCases.Test_AttachmentController" />
			<class name="testCases.Test_ChannelController" />
			<class name="testCases.Test_ProjectManagement" />
			<class name="testCases.Test_UserManagement" /> 
			<class name="testCases.Test_BulkViewOfTickets" />
			 <class name="testCases.Test_ProjectRoleController" />
			<class name="testCases.Test_GatewayIDService" />
			<class name="testCases.Test_MailBox" />
			<class name="testCases.Test_SLA" />
			<class name="testCases.Test_TimeLine" />
			<class name="testCases.Test_ConfigurationManagement" />
			<class name="testCases.Test_ConversationController" />
			<class name="testCases.Test_GroupManagement" />
			<class name="testCases.Test_TicketController" />
		</classes>
	</test>
	<!-- <test name="Get_Calls_PROD" >
		<groups>
            <run>
               <include name = "SLA" />
            </run>
        </groups>
        <parameter name="sessionToken" value="be6a2cf7cba284c0c4cc307c359738d51f3d4f6e11334c323226a1c94905bea3"></parameter>
        <parameter name="projectId" value="1010"></parameter>
		<classes> 
			<class name="testCases.test_StudentOrderCreation"/> <class name="testCases.test_CollectionFlow"/>
			
			
		  <class name="testCases.Test_GetCalls" />
			 
			<class name="UI_TestCases.Test_AllScreens" /> 
		</classes>
	</test> Test   -->
</suite> <!-- Suite -->
