<?xml version="1.0" encoding="UTF-8"?>
<!DOCTYPE suite SYSTEM "https://testng.org/testng-1.0.dtd">
<suite name="Suite">
	<!--parallel="methods" thread-count="2"! -->
	<listeners>
		<!--<listener class-name="Analyzer.MyTransformer" />-->
		<listener class-name="testCases.Listeners" />
	</listeners>
	<test name="requester">
		<parameter name="sessionToken" value="13da06e7d4d8114d4792d9dd696d841dc559dbb5f0cf6480774e62cf64896d0c"></parameter>
		<parameter name="role" value="requester"></parameter>
		<parameter name="projectId" value="2"></parameter>
		<classes>
			 <!-- <class name="testCases.Test_SearchService" /> -->
			<!-- <class name="testCases.Test_AttachmentController" /> -->
			<!-- <class name="testCases.Test_ChannelController" /> -->
			<!-- <class name="testCases.Test_ProjectManagement" />
			<class name="testCases.Test_UserManagement" /> 
			<class name="testCases.Test_BulkViewOfTickets" /> -->
			 <!-- <class name="testCases.Test_ProjectRoleController" /> -->
			<!-- <class name="testCases.Test_GatewayIDService" /> -->
			<class name="testCases.Test_MailBox" />
			<!-- <class name="testCases.Test_SLA" />
			<class name="testCases.Test_TimeLine" />
			<class name="testCases.Test_ConfigurationManagement" /> -->
			<!-- <class name="testCases.Test_ConversationController" /> -->
			<!-- <class name="testCases.Test_GroupManagement" />
			<class name="UI_TestCases.Test_UI_Requestor" /> 
			<class name="testCases.Test_TicketController" /> -->
		</classes>
	</test>
</suite>