<?xml version="1.0" encoding="UTF-8"?>
<!DOCTYPE suite SYSTEM "https://testng.org/testng-1.0.dtd">
<suite name="Suite" >
<!--parallel="methods" thread-count="2"!-->
   <listeners>
        <listener class-name="Analyzer.MyTransformer"/>
        <listener class-name="testCases.Listeners"/>
  </listeners>
  <test name="Test" parallel="methods" thread-count="2">
  <groups>
			<run>
				<include name="sanity" />
				<include name="Regression" />
			</run>
		</groups>
    <classes>
   <!-- <class name="testCases.test_StudentOrderCreation"/> 
    <class name="testCases.test_CollectionFlow"/>-->
   
   	<class name="testCases.test_ByjusWallet"/>
    <class name="testCases.test_QnAFramework"/>
    <class name="testCases.test_TrialEpic"/>
    <class name="testCases.test_AnnualMockExam"/>
    <class name="testCases.test_WHJ"/>
    <class name="testCases.test_CustomerDelight"/>
    <class name="testCases.test_LSPD_CSO"/>
    <class name="testCases.test_AkshLiveClsses"/>
    <class name="testCases.test_Email_UnRegistered"/>
    <class name="testCases.test_Logistics_Reg"/>
    <class name="testCases.test_Knowledge"/>
    <class name="testCases.test_IRT_E2E"/>
    <class name="testCases.test_Email_Registered"/>
    <class name="testCases.test_AakashTestSeries"/>
    <class name="testCases.test_Collection_EMISuccessfull"/>
    <class name="testCases.test_Collection_FieldPickup"/>
    <class name="testCases.test_Collection_ForeClosure"/>
    <class name="testCases.test_Collection_PTP"/>
    <class name="testCases.test_Collection_NoCallConnect"/>
    <class name="testCases.test_Collection_NoCallConnectAndNoPayment"/>
    <class name="testCases.test_Collection_PTP_API"/>
    <class name="testCases.test_EasyPayCollectionWithRetentionProfile_ClarificationRequired"/>
    <class name="testCases.test_EasyPayCollectionWithRetentionProfile_ClosedStatus"/>
    <class name="testCases.test_EasyPayCollectionWithRetentionProfile_IrrelevantToCGRStatus"/>
    <class name="testCases.test_EasyPayCollectionWithSysAdmin_ClosedStatus"/>
    <class name="testCases.test_EFA_LIG_CaseCreation"/>
    <class name="testCases.test_Collection_SME"/>
    <class name="testCases.test_CS_Inbound_Process"/>
    <class name="testCases.test_RefundProcess"/>
    
    <!-- Regression Suite Test Cases-->
    <class name="testCases_Reg.test_Reg_BLC_Upgrade"/>
    <class name="testCases_Reg.test_Reg_Collection_ForeClosure"/>
    <class name="testCases_Reg.test_Reg_Collection_RestrictionofDuplicateForeClosure"/>
    <class name="testCases_Reg.test_Reg_Collection_EMISuccessfull"/>
    <class name="testCases_Reg.test_Reg_Collection_RestrictionOfDuplicateEMISuccessfull"/>
    <class name="testCases_Reg.test_Reg_BLC_Rolling7day"/>
  	<class name="testCases_Reg.test_Regression_CS_LS_Form_City_Verify"/>
    <class name="testCases_Reg.test_Regression_CS_IRT_Outbound_Task"/>
    <class name="testCases_Reg.test_Regression_CS_LS_Field_Verify"/>
    <class name="testCases_Reg.test_Regression_CS_LS_Integration"/>
    <class name="testCases_Reg.test_Regression_CS_PROR_Task"/>
<!--<class name="testCases.test_Retention_SFTNL_5947"/>
    <class name="testCases.test_MK"/>
    <class name="testCases.test_MK_Retention"/>
    <class name="testCases.test_EasyPayCollection"/>
    <class name="testCases.test_ButtonCheckPE"/>
    <class name="testCases.test_ButtonCheckMentor"/>
    <class name="testCases.test_ButtonCheckIRT"/>
    <class name="testCases.test_ButtonCheckRetention"/>
    <class name="testCases.test_ButtonCheckRetentionManager"/>
    <class name="testCases.test_ButtonCheckBLC"/>
    <class name="testCases.test_ButtonCheckCS"/>     
    <class name="testCases.test_ButtonCheckPS"/>
    <class name="testCases.test_ButtonCheckLogistics"/>
    <class name="testCases.test_ButtonCheckOrderPunchingTeam"/>
    <class name="testCases.test_ButtonCheckOrderConfirmationTeam"/>
    Affected because of Revamp
    <class name="testCases.test_BLC_Upgrade"/>
    <class name="testCases.test_TaskFlow_Neo"/>
    <class name="testCases.test_MLP"/>
    
    -->
    </classes>
  </test> <!-- Test -->
</suite> <!-- Suite -->
